Mooring,Latitude,Longitude,Date,xCO2_SW_wet,xCO2_SW_dry,pH
,Dec_Deg,Dec_Deg,MM/DD/YYYY,umol/mol,umol/mol,pH
BOBOA_90E_15N,14.995,89.935,12/6/2014,393.6,396.1,-999
BOBOA_90E_15N,14.995,89.935,12/6/2014,389.2,391.1,-999
BOBOA_90E_15N,14.995,89.935,12/6/2014,387.7,389.5,-999
BOBOA_90E_15N,14.995,89.935,12/6/2014,387.9,389.6,8.054
BOBOA_90E_15N,14.995,89.935,12/6/2014,389.1,390.9,-999
BOBOA_90E_15N,14.995,89.935,12/6/2014,389.4,391.2,-999
BOBOA_90E_15N,14.995,89.935,12/6/2014,390,391.9,-999
BOBOA_90E_15N,14.995,89.935,12/6/2014,390.4,392.2,-999
BOBOA_90E_15N,14.995,89.935,12/6/2014,391.4,393.6,-999
BOBOA_90E_15N,14.995,89.935,12/6/2014,396.1,398.6,-999
BOBOA_90E_15N,14.995,89.935,12/7/2014,394,396.5,-999
BOBOA_90E_15N,14.995,89.935,12/7/2014,392,394.5,-999
BOBOA_90E_15N,14.995,89.935,12/7/2014,396.6,399.2,-999
BOBOA_90E_15N,14.995,89.935,12/7/2014,395.7,398.3,-999
BOBOA_90E_15N,14.995,89.935,12/7/2014,396.9,399.5,-999
BOBOA_90E_15N,14.995,89.935,12/7/2014,396.6,399.2,8.036
BOBOA_90E_15N,14.995,89.935,12/7/2014,387.7,390.1,-999
BOBOA_90E_15N,14.995,89.935,12/7/2014,389.5,391.9,8.0441
BOBOA_90E_15N,14.995,89.935,12/8/2014,394.7,397.2,8.0414
BOBOA_90E_15N,14.995,89.935,12/8/2014,398.8,401.4,8.0427
BOBOA_90E_15N,14.995,89.935,12/8/2014,396.8,399.4,8.0347
BOBOA_90E_15N,14.995,89.935,12/8/2014,398.8,401.4,8.0372
BOBOA_90E_15N,14.995,89.935,12/8/2014,394.3,396.8,8.0423
BOBOA_90E_15N,14.995,89.935,12/8/2014,392.5,395.1,8.038
BOBOA_90E_15N,14.995,89.935,12/8/2014,394.4,397,8.0398
BOBOA_90E_15N,14.995,89.935,12/8/2014,398.6,401.2,8.0331
BOBOA_90E_15N,14.995,89.935,12/9/2014,397.6,400.1,8.0444
BOBOA_90E_15N,14.995,89.935,12/9/2014,385.4,388,8.0453
BOBOA_90E_15N,14.995,89.935,12/9/2014,384.2,386.9,8.0481
BOBOA_90E_15N,14.995,89.935,12/9/2014,385.5,388.3,8.0495
BOBOA_90E_15N,14.995,89.935,12/9/2014,386.1,388.7,8.0506
BOBOA_90E_15N,14.995,89.935,12/9/2014,385.1,387.7,8.0527
BOBOA_90E_15N,14.995,89.935,12/9/2014,388.4,390.8,8.0562
BOBOA_90E_15N,14.995,89.935,12/9/2014,393.6,396.1,8.0434
BOBOA_90E_15N,14.995,89.935,12/10/2014,396.6,399.1,8.0417
BOBOA_90E_15N,14.995,89.935,12/10/2014,401.9,404.6,8.0412
BOBOA_90E_15N,14.995,89.935,12/10/2014,401.5,404.3,8.04
BOBOA_90E_15N,14.995,89.935,12/10/2014,408.8,411.7,8.035
BOBOA_90E_15N,14.995,89.935,12/10/2014,401.1,403.7,8.0395
BOBOA_90E_15N,14.995,89.935,12/10/2014,401.1,403.8,8.0404
BOBOA_90E_15N,14.995,89.935,12/10/2014,394.7,397.2,8.0427
BOBOA_90E_15N,14.995,89.935,12/10/2014,386.7,389.2,8.0477
BOBOA_90E_15N,14.995,89.935,12/11/2014,391.6,394,8.0478
BOBOA_90E_15N,14.995,89.935,12/11/2014,396.5,399.1,8.0408
BOBOA_90E_15N,14.995,89.935,12/11/2014,398.1,400.9,8.0458
BOBOA_90E_15N,14.995,89.935,12/11/2014,400,402.8,8.0418
BOBOA_90E_15N,14.995,89.935,12/11/2014,398.1,400.7,8.0438
BOBOA_90E_15N,14.995,89.935,12/11/2014,395.4,397.9,8.0469
BOBOA_90E_15N,14.995,89.935,12/11/2014,396.3,398.7,8.0345
BOBOA_90E_15N,14.995,89.935,12/11/2014,396.1,398.5,8.0405
BOBOA_90E_15N,14.995,89.935,12/12/2014,395.7,398.1,8.0384
BOBOA_90E_15N,14.995,89.935,12/12/2014,397.5,400.2,8.0436
BOBOA_90E_15N,14.995,89.935,12/12/2014,398.7,401.3,8.0363
BOBOA_90E_15N,14.995,89.935,12/12/2014,397.7,400.2,8.0391
BOBOA_90E_15N,14.995,89.935,12/12/2014,396.2,398.6,8.0353
BOBOA_90E_15N,14.995,89.935,12/12/2014,394.1,396.4,8.0444
BOBOA_90E_15N,14.995,89.935,12/12/2014,392.1,394.4,8.0478
BOBOA_90E_15N,14.995,89.935,12/12/2014,394.7,397,8.0413
BOBOA_90E_15N,14.995,89.935,12/13/2014,397.8,400.3,8.0406
BOBOA_90E_15N,14.995,89.935,12/13/2014,395.3,397.9,8.0393
BOBOA_90E_15N,14.995,89.935,12/13/2014,390.2,392.6,8.0424
BOBOA_90E_15N,14.995,89.935,12/13/2014,391.8,394.4,8.0448
BOBOA_90E_15N,14.995,89.935,12/13/2014,388.7,391.1,8.0439
BOBOA_90E_15N,14.995,89.935,12/13/2014,390,392.4,8.0436
BOBOA_90E_15N,14.995,89.935,12/13/2014,388.6,391,8.0454
BOBOA_90E_15N,14.995,89.935,12/13/2014,388.2,390.7,8.0464
BOBOA_90E_15N,14.995,89.935,12/14/2014,390.5,393,8.0422
BOBOA_90E_15N,14.995,89.935,12/14/2014,387.2,389.8,8.0477
BOBOA_90E_15N,14.995,89.935,12/14/2014,388.9,391.5,8.0483
BOBOA_90E_15N,14.995,89.935,12/14/2014,392.1,394.7,8.0468
BOBOA_90E_15N,14.995,89.935,12/14/2014,390.6,393.1,8.046
BOBOA_90E_15N,14.995,89.935,12/14/2014,391,393.5,8.0427
BOBOA_90E_15N,14.995,89.935,12/14/2014,390.7,393.2,8.0442
BOBOA_90E_15N,14.995,89.935,12/14/2014,391.4,393.9,8.0482
BOBOA_90E_15N,14.995,89.935,12/15/2014,386.7,389.3,8.0474
BOBOA_90E_15N,14.995,89.935,12/15/2014,389.4,392.2,8.0516
BOBOA_90E_15N,14.995,89.935,12/15/2014,387.5,390.3,8.0499
BOBOA_90E_15N,14.995,89.935,12/15/2014,401.5,404.2,8.0363
BOBOA_90E_15N,14.995,89.935,12/15/2014,396.9,399.4,8.04
BOBOA_90E_15N,14.995,89.935,12/15/2014,394.7,397.3,8.0441
BOBOA_90E_15N,14.995,89.935,12/15/2014,398.8,401.4,8.0391
BOBOA_90E_15N,14.995,89.935,12/15/2014,402.9,405.5,8.0412
BOBOA_90E_15N,14.995,89.935,12/16/2014,399.5,402,8.0365
BOBOA_90E_15N,14.995,89.935,12/16/2014,404,406.9,8.0385
BOBOA_90E_15N,14.995,89.935,12/16/2014,414,417.1,8.0363
BOBOA_90E_15N,14.995,89.935,12/16/2014,402.6,405.3,8.0331
BOBOA_90E_15N,14.995,89.935,12/16/2014,393.1,395.6,8.0429
BOBOA_90E_15N,14.995,89.935,12/16/2014,394.5,397,8.0454
BOBOA_90E_15N,14.995,89.935,12/16/2014,385,387.5,8.0544
BOBOA_90E_15N,14.995,89.935,12/16/2014,399.3,401.9,8.044
BOBOA_90E_15N,14.995,89.935,12/17/2014,397.9,400.5,8.0387
BOBOA_90E_15N,14.995,89.935,12/17/2014,397.6,400.4,8.0368
BOBOA_90E_15N,14.995,89.935,12/17/2014,400.1,403,8.0436
BOBOA_90E_15N,14.995,89.935,12/17/2014,401,403.9,8.0424
BOBOA_90E_15N,14.995,89.935,12/17/2014,404.3,407,8.0392
BOBOA_90E_15N,14.995,89.935,12/17/2014,404.3,407,8.0374
BOBOA_90E_15N,14.995,89.935,12/17/2014,404.5,407.2,8.0373
BOBOA_90E_15N,14.995,89.935,12/17/2014,408.7,411.3,8.041
BOBOA_90E_15N,14.995,89.935,12/18/2014,409.2,411.8,8.0347
BOBOA_90E_15N,14.995,89.935,12/18/2014,406.4,409.1,8.0336
BOBOA_90E_15N,14.995,89.935,12/18/2014,405.2,407.9,8.0462
BOBOA_90E_15N,14.995,89.935,12/18/2014,404.1,406.7,8.0419
BOBOA_90E_15N,14.995,89.935,12/18/2014,405,407.6,8.0394
BOBOA_90E_15N,14.995,89.935,12/18/2014,407.9,410.4,8.0395
BOBOA_90E_15N,14.995,89.935,12/18/2014,413.2,415.8,8.0356
BOBOA_90E_15N,14.995,89.935,12/18/2014,407.9,410.5,8.0425
BOBOA_90E_15N,14.995,89.935,12/19/2014,407.9,410.4,8.038
BOBOA_90E_15N,14.995,89.935,12/19/2014,422.1,424.8,8.022
BOBOA_90E_15N,14.995,89.935,12/19/2014,403.7,406.5,8.0408
BOBOA_90E_15N,14.995,89.935,12/19/2014,396.6,399.4,8.0501
BOBOA_90E_15N,14.995,89.935,12/19/2014,394.2,396.7,8.0445
BOBOA_90E_15N,14.995,89.935,12/19/2014,395.4,397.8,8.0438
BOBOA_90E_15N,14.995,89.935,12/19/2014,393.8,396.3,8.0437
BOBOA_90E_15N,14.995,89.935,12/19/2014,396.7,399.2,8.0464
BOBOA_90E_15N,14.995,89.935,12/20/2014,402.2,404.8,8.0398
BOBOA_90E_15N,14.995,89.935,12/20/2014,399.3,402.1,8.0404
BOBOA_90E_15N,14.995,89.935,12/20/2014,402.3,405.2,8.0363
BOBOA_90E_15N,14.995,89.935,12/20/2014,411.3,414.3,8.0362
BOBOA_90E_15N,14.995,89.935,12/20/2014,408.8,411.6,8.0309
BOBOA_90E_15N,14.995,89.935,12/20/2014,412.6,415.5,8.0274
BOBOA_90E_15N,14.995,89.935,12/20/2014,421.5,424.4,8.0286
BOBOA_90E_15N,14.995,89.935,12/20/2014,420.2,423,8.0267
BOBOA_90E_15N,14.995,89.935,12/21/2014,425.5,428.2,8.0243
BOBOA_90E_15N,14.995,89.935,12/21/2014,418.8,421.7,8.0223
BOBOA_90E_15N,14.995,89.935,12/21/2014,420.5,423.4,8.0228
BOBOA_90E_15N,14.995,89.935,12/21/2014,418.5,421.4,8.042
BOBOA_90E_15N,14.995,89.935,12/21/2014,418.3,421,8.0337
BOBOA_90E_15N,14.995,89.935,12/21/2014,411,413.6,8.0365
BOBOA_90E_15N,14.995,89.935,12/21/2014,406,408.5,8.0367
BOBOA_90E_15N,14.995,89.935,12/21/2014,406.7,409.3,8.0442
BOBOA_90E_15N,14.995,89.935,12/22/2014,409.3,411.9,8.0359
BOBOA_90E_15N,14.995,89.935,12/22/2014,408.2,411,8.0402
BOBOA_90E_15N,14.995,89.935,12/22/2014,409.1,412,8.0413
BOBOA_90E_15N,14.995,89.935,12/22/2014,409.3,412.2,8.0405
BOBOA_90E_15N,14.995,89.935,12/22/2014,406.9,409.7,8.0416
BOBOA_90E_15N,14.995,89.935,12/22/2014,405.5,408.2,8.0439
BOBOA_90E_15N,14.995,89.935,12/22/2014,405.5,408.1,8.0471
BOBOA_90E_15N,14.995,89.935,12/22/2014,405.9,408.5,8.0405
BOBOA_90E_15N,14.995,89.935,12/23/2014,409.1,411.8,8.0416
BOBOA_90E_15N,14.995,89.935,12/23/2014,407.5,410.2,8.0399
BOBOA_90E_15N,14.995,89.935,12/23/2014,408.1,410.9,8.0331
BOBOA_90E_15N,14.995,89.935,12/23/2014,411.7,414.7,8.0361
BOBOA_90E_15N,14.995,89.935,12/23/2014,407.7,410.3,8.0424
BOBOA_90E_15N,14.995,89.935,12/23/2014,405.1,407.7,8.0437
BOBOA_90E_15N,14.995,89.935,12/23/2014,405.2,407.8,8.0457
BOBOA_90E_15N,14.995,89.935,12/23/2014,409.6,412.3,8.0414
BOBOA_90E_15N,14.995,89.935,12/24/2014,415.8,418.5,8.0313
BOBOA_90E_15N,14.995,89.935,12/24/2014,413.4,416.2,8.0367
BOBOA_90E_15N,14.995,89.935,12/24/2014,413.8,416.7,8.0335
BOBOA_90E_15N,14.995,89.935,12/24/2014,411.7,414.7,8.0356
BOBOA_90E_15N,14.995,89.935,12/24/2014,418.6,421.4,8.0332
BOBOA_90E_15N,14.995,89.935,12/24/2014,408.2,410.8,8.0342
BOBOA_90E_15N,14.995,89.935,12/24/2014,413.6,416.2,8.026
BOBOA_90E_15N,14.995,89.935,12/24/2014,411.7,414.3,8.033
BOBOA_90E_15N,14.995,89.935,12/25/2014,408.4,410.9,8.0364
BOBOA_90E_15N,14.995,89.935,12/25/2014,407.6,410.3,8.0423
BOBOA_90E_15N,14.995,89.935,12/25/2014,410.3,413.2,8.0377
BOBOA_90E_15N,14.995,89.935,12/25/2014,408.3,411.2,8.0373
BOBOA_90E_15N,14.995,89.935,12/25/2014,407.2,410,8.0354
BOBOA_90E_15N,14.995,89.935,12/25/2014,406.5,409.3,8.0315
BOBOA_90E_15N,14.995,89.935,12/25/2014,405.8,408.4,8.0381
BOBOA_90E_15N,14.995,89.935,12/25/2014,409.3,412,8.0354
BOBOA_90E_15N,14.995,89.935,12/26/2014,409.3,412,8.0377
BOBOA_90E_15N,14.995,89.935,12/26/2014,414.5,417.2,8.0332
BOBOA_90E_15N,14.995,89.935,12/26/2014,416,418.8,8.0307
BOBOA_90E_15N,14.995,89.935,12/26/2014,413.9,416.7,8.0334
BOBOA_90E_15N,14.995,89.935,12/26/2014,411.8,414.4,8.0354
BOBOA_90E_15N,14.995,89.935,12/26/2014,411.9,414.6,8.0369
BOBOA_90E_15N,14.995,89.935,12/26/2014,412.5,415.2,8.036
BOBOA_90E_15N,14.995,89.935,12/26/2014,413.3,415.9,8.0338
BOBOA_90E_15N,14.995,89.935,12/27/2014,413.3,415.9,8.0344
BOBOA_90E_15N,14.995,89.935,12/27/2014,412.2,415,8.0355
BOBOA_90E_15N,14.995,89.935,12/27/2014,417.4,420.4,8.0274
BOBOA_90E_15N,14.995,89.935,12/27/2014,412.5,415.5,8.0331
BOBOA_90E_15N,14.995,89.935,12/27/2014,410.8,413.5,8.0264
BOBOA_90E_15N,14.995,89.935,12/27/2014,408.7,411.3,8.0319
BOBOA_90E_15N,14.995,89.935,12/27/2014,408.6,411.3,8.0304
BOBOA_90E_15N,14.995,89.935,12/27/2014,409.4,412,8.0338
BOBOA_90E_15N,14.995,89.935,12/28/2014,409.2,411.8,8.0364
BOBOA_90E_15N,14.995,89.935,12/28/2014,409.8,412.5,8.0367
BOBOA_90E_15N,14.995,89.935,12/28/2014,410.7,413.5,8.0332
BOBOA_90E_15N,14.995,89.935,12/28/2014,408.7,411.7,8.0322
BOBOA_90E_15N,14.995,89.935,12/28/2014,410,412.8,8.0392
BOBOA_90E_15N,14.995,89.935,12/28/2014,409.9,412.6,8.0369
BOBOA_90E_15N,14.995,89.935,12/28/2014,408.3,411.1,8.0306
BOBOA_90E_15N,14.995,89.935,12/28/2014,409.8,412.6,8.0375
BOBOA_90E_15N,14.995,89.935,12/29/2014,411.1,413.9,8.0327
BOBOA_90E_15N,14.995,89.935,12/29/2014,412.3,415.2,8.0285
BOBOA_90E_15N,14.995,89.935,12/29/2014,412.3,415,8.0382
BOBOA_90E_15N,14.995,89.935,12/29/2014,417.7,420.5,8.0372
BOBOA_90E_15N,14.995,89.935,12/29/2014,418.9,421.7,8.0302
BOBOA_90E_15N,14.995,89.935,12/29/2014,420.3,423.2,8.0298
BOBOA_90E_15N,14.995,89.935,12/29/2014,414.4,417.1,8.0388
BOBOA_90E_15N,14.995,89.935,12/29/2014,413,415.6,8.0387
BOBOA_90E_15N,14.995,89.935,12/30/2014,418.8,421.5,8.0329
BOBOA_90E_15N,14.995,89.935,12/30/2014,414.2,416.9,8.0301
BOBOA_90E_15N,14.995,89.935,12/30/2014,409.3,411.8,8.0397
BOBOA_90E_15N,14.995,89.935,12/30/2014,413.2,416.1,8.0396
BOBOA_90E_15N,14.995,89.935,12/30/2014,412.1,414.8,8.0388
BOBOA_90E_15N,14.995,89.935,12/30/2014,414,416.8,8.0329
BOBOA_90E_15N,14.995,89.935,12/30/2014,417.4,420.3,8.0286
BOBOA_90E_15N,14.995,89.935,12/30/2014,405.6,408.4,8.0436
BOBOA_90E_15N,14.995,89.935,12/31/2014,-999,-999,8.0372
BOBOA_90E_15N,14.995,89.935,12/31/2014,409.6,412.4,8.0397
BOBOA_90E_15N,14.995,89.935,12/31/2014,409.4,412.2,8.0389
BOBOA_90E_15N,14.995,89.935,12/31/2014,403.3,406.1,8.0447
BOBOA_90E_15N,14.995,89.935,12/31/2014,397.6,400.4,8.0471
BOBOA_90E_15N,14.995,89.935,12/31/2014,398.2,400.9,8.0434
BOBOA_90E_15N,14.995,89.935,12/31/2014,399.2,401.9,8.0477
BOBOA_90E_15N,14.995,89.935,12/31/2014,399,401.8,8.048
BOBOA_90E_15N,14.995,89.935,1/1/2015,396.8,399.4,8.0471
BOBOA_90E_15N,14.995,89.935,1/1/2015,395.8,398.4,8.049
BOBOA_90E_15N,14.995,89.935,1/1/2015,395.8,398.4,8.0474
BOBOA_90E_15N,14.995,89.935,1/1/2015,395.6,398.1,8.0463
BOBOA_90E_15N,14.995,89.935,1/1/2015,397.2,399.7,8.0415
BOBOA_90E_15N,14.995,89.935,1/1/2015,395.4,397.9,8.0446
BOBOA_90E_15N,14.995,89.935,1/1/2015,398.6,401.2,8.0455
BOBOA_90E_15N,14.995,89.935,1/1/2015,401.2,404,8.0444
BOBOA_90E_15N,14.995,89.935,1/2/2015,397.9,400.4,8.0461
BOBOA_90E_15N,14.995,89.935,1/2/2015,394,396.5,8.043
BOBOA_90E_15N,14.995,89.935,1/2/2015,395.7,398.5,8.0449
BOBOA_90E_15N,14.995,89.935,1/2/2015,396.7,399.6,8.0511
BOBOA_90E_15N,14.995,89.935,1/2/2015,395,397.7,8.0486
BOBOA_90E_15N,14.995,89.935,1/2/2015,393.8,396.5,8.051
BOBOA_90E_15N,14.995,89.935,1/2/2015,399.9,402.7,8.0449
BOBOA_90E_15N,14.995,89.935,1/2/2015,408,410.9,8.0368
BOBOA_90E_15N,14.995,89.935,1/3/2015,396.9,399.6,8.0414
BOBOA_90E_15N,14.995,89.935,1/3/2015,393.7,396.5,8.0439
BOBOA_90E_15N,14.995,89.935,1/3/2015,394.8,397.9,8.0462
BOBOA_90E_15N,14.995,89.935,1/3/2015,398,401.1,8.0429
BOBOA_90E_15N,14.995,89.935,1/3/2015,397.1,400,8.0444
BOBOA_90E_15N,14.995,89.935,1/3/2015,396.1,398.9,8.0401
BOBOA_90E_15N,14.995,89.935,1/3/2015,396.2,399,8.0414
BOBOA_90E_15N,14.995,89.935,1/3/2015,397.2,400,8.0438
BOBOA_90E_15N,14.995,89.935,1/4/2015,395.9,398.5,8.048
BOBOA_90E_15N,14.995,89.935,1/4/2015,396.8,399.6,8.0495
BOBOA_90E_15N,14.995,89.935,1/4/2015,400.2,403.3,8.0421
BOBOA_90E_15N,14.995,89.935,1/4/2015,401.7,404.9,8.0421
BOBOA_90E_15N,14.995,89.935,1/4/2015,396.7,399.6,8.0432
BOBOA_90E_15N,14.995,89.935,1/4/2015,395,397.8,8.0437
BOBOA_90E_15N,14.995,89.935,1/4/2015,396.3,399.1,8.0448
BOBOA_90E_15N,14.995,89.935,1/4/2015,395.9,398.6,8.0483
BOBOA_90E_15N,14.995,89.935,1/5/2015,393.8,396.5,8.0441
BOBOA_90E_15N,14.995,89.935,1/5/2015,393.5,396.4,8.0485
BOBOA_90E_15N,14.995,89.935,1/5/2015,398.9,402,8.0411
BOBOA_90E_15N,14.995,89.935,1/5/2015,402.6,405.8,8.0377
BOBOA_90E_15N,14.995,89.935,1/5/2015,395.5,398.3,8.0483
BOBOA_90E_15N,14.995,89.935,1/5/2015,391.9,394.7,8.0458
BOBOA_90E_15N,14.995,89.935,1/5/2015,389.5,392.2,8.0513
BOBOA_90E_15N,14.995,89.935,1/5/2015,390.7,393.3,8.0447
BOBOA_90E_15N,14.995,89.935,1/6/2015,391.5,394.1,8.0508
BOBOA_90E_15N,14.995,89.935,1/6/2015,390.6,393.3,8.0479
BOBOA_90E_15N,14.995,89.935,1/6/2015,391.8,394.7,8.0478
BOBOA_90E_15N,14.995,89.935,1/6/2015,394.8,397.7,8.0459
BOBOA_90E_15N,14.995,89.935,1/6/2015,395.7,398.4,8.0458
BOBOA_90E_15N,14.995,89.935,1/6/2015,396.8,399.4,8.0452
BOBOA_90E_15N,14.995,89.935,1/6/2015,398.3,400.9,8.0478
BOBOA_90E_15N,14.995,89.935,1/6/2015,398.7,401.2,8.048
BOBOA_90E_15N,14.995,89.935,1/7/2015,396.6,399.1,8.0452
BOBOA_90E_15N,14.995,89.935,1/7/2015,393.3,395.9,8.0488
BOBOA_90E_15N,14.995,89.935,1/7/2015,390.7,393.3,8.0508
BOBOA_90E_15N,14.995,89.935,1/7/2015,389.7,392.5,8.0474
BOBOA_90E_15N,14.995,89.935,1/7/2015,388.7,391.2,8.052
BOBOA_90E_15N,14.995,89.935,1/7/2015,387.8,390.3,8.0493
BOBOA_90E_15N,14.995,89.935,1/7/2015,388.2,390.6,8.0454
BOBOA_90E_15N,14.995,89.935,1/7/2015,391.5,393.9,8.0459
BOBOA_90E_15N,14.995,89.935,1/8/2015,394,396.3,8.0388
BOBOA_90E_15N,14.995,89.935,1/8/2015,393.3,395.9,8.0465
BOBOA_90E_15N,14.995,89.935,1/8/2015,397.1,399.9,8.0479
BOBOA_90E_15N,14.995,89.935,1/8/2015,396.3,399.1,8.041
BOBOA_90E_15N,14.995,89.935,1/8/2015,394.5,397.1,8.0498
BOBOA_90E_15N,14.995,89.935,1/8/2015,395,397.5,8.0474
BOBOA_90E_15N,14.995,89.935,1/8/2015,393.3,395.8,8.0459
BOBOA_90E_15N,14.995,89.935,1/8/2015,393,395.4,8.0482
BOBOA_90E_15N,14.995,89.935,1/9/2015,393.1,395.5,8.0482
BOBOA_90E_15N,14.995,89.935,1/9/2015,393.9,396.4,8.0454
BOBOA_90E_15N,14.995,89.935,1/9/2015,395.3,398.1,8.0467
BOBOA_90E_15N,14.995,89.935,1/9/2015,396.2,399,8.0461
BOBOA_90E_15N,14.995,89.935,1/9/2015,396.4,399.1,8.0444
BOBOA_90E_15N,14.995,89.935,1/9/2015,394.7,397.3,8.0489
BOBOA_90E_15N,14.995,89.935,1/9/2015,394.7,397.2,8.0477
BOBOA_90E_15N,14.995,89.935,1/9/2015,396,398.5,8.0477
BOBOA_90E_15N,14.995,89.935,1/10/2015,398.5,401,8.043
BOBOA_90E_15N,14.995,89.935,1/10/2015,400.2,402.9,8.0465
BOBOA_90E_15N,14.995,89.935,1/10/2015,403.8,406.7,8.041
BOBOA_90E_15N,14.995,89.935,1/10/2015,400.8,403.6,8.0414
BOBOA_90E_15N,14.995,89.935,1/10/2015,398.7,401.3,8.0457
BOBOA_90E_15N,14.995,89.935,1/10/2015,399.8,402.4,8.0391
BOBOA_90E_15N,14.995,89.935,1/10/2015,400.1,402.5,8.044
BOBOA_90E_15N,14.995,89.935,1/10/2015,400.2,402.6,8.0503
BOBOA_90E_15N,14.995,89.935,1/11/2015,396.2,398.6,8.0453
BOBOA_90E_15N,14.995,89.935,1/11/2015,395,397.4,8.0449
BOBOA_90E_15N,14.995,89.935,1/11/2015,396.3,399,8.046
BOBOA_90E_15N,14.995,89.935,1/11/2015,396.5,399.3,8.0526
BOBOA_90E_15N,14.995,89.935,1/11/2015,398.1,400.7,8.0413
BOBOA_90E_15N,14.995,89.935,1/11/2015,398.4,401,8.0422
BOBOA_90E_15N,14.995,89.935,1/11/2015,399.7,402.2,8.0482
BOBOA_90E_15N,14.995,89.935,1/11/2015,400.8,403.3,8.0479
BOBOA_90E_15N,14.995,89.935,1/12/2015,399.4,401.8,8.0423
BOBOA_90E_15N,14.995,89.935,1/12/2015,399.5,402,8.0445
BOBOA_90E_15N,14.995,89.935,1/12/2015,396.8,399.5,8.0446
BOBOA_90E_15N,14.995,89.935,1/12/2015,397.8,400.5,8.0537
BOBOA_90E_15N,14.995,89.935,1/12/2015,396,398.5,8.0504
BOBOA_90E_15N,14.995,89.935,1/12/2015,401.1,403.6,8.0482
BOBOA_90E_15N,14.995,89.935,1/12/2015,397.2,399.7,8.0456
BOBOA_90E_15N,14.995,89.935,1/12/2015,395.1,397.5,8.054
BOBOA_90E_15N,14.995,89.935,1/13/2015,397,399.5,8.0513
BOBOA_90E_15N,14.995,89.935,1/13/2015,399.9,402.6,8.0501
BOBOA_90E_15N,14.995,89.935,1/13/2015,402.3,405.1,8.0403
BOBOA_90E_15N,14.995,89.935,1/13/2015,398.5,401.2,8.0396
BOBOA_90E_15N,14.995,89.935,1/13/2015,396.1,398.8,8.0438
BOBOA_90E_15N,14.995,89.935,1/13/2015,397.6,400.1,8.0462
BOBOA_90E_15N,14.995,89.935,1/13/2015,400.3,402.9,8.0473
BOBOA_90E_15N,14.995,89.935,1/13/2015,397.2,399.7,8.0484
BOBOA_90E_15N,14.995,89.935,1/14/2015,402,404.6,8.0431
BOBOA_90E_15N,14.995,89.935,1/14/2015,401.6,404.3,8.0422
BOBOA_90E_15N,14.995,89.935,1/14/2015,397.6,400.3,8.0486
BOBOA_90E_15N,14.995,89.935,1/14/2015,397,399.5,8.0495
BOBOA_90E_15N,14.995,89.935,1/14/2015,395.6,398.2,8.0472
BOBOA_90E_15N,14.995,89.935,1/14/2015,378.6,381,8.0652
BOBOA_90E_15N,14.995,89.935,1/14/2015,378.4,381,8.0588
BOBOA_90E_15N,14.995,89.935,1/14/2015,373.1,375.6,8.0634
BOBOA_90E_15N,14.995,89.935,1/15/2015,375.3,377.7,8.06
BOBOA_90E_15N,14.995,89.935,1/15/2015,377.5,380.1,8.0624
BOBOA_90E_15N,14.995,89.935,1/15/2015,388.7,391.5,8.0558
BOBOA_90E_15N,14.995,89.935,1/15/2015,394.7,397.8,8.0577
BOBOA_90E_15N,14.995,89.935,1/15/2015,383.2,385.9,8.0617
BOBOA_90E_15N,14.995,89.935,1/15/2015,384.3,387,8.0534
BOBOA_90E_15N,14.995,89.935,1/15/2015,390.6,393.3,8.0538
BOBOA_90E_15N,14.995,89.935,1/15/2015,399.3,402,8.0404
BOBOA_90E_15N,14.995,89.935,1/16/2015,401.1,403.7,8.0476
BOBOA_90E_15N,14.995,89.935,1/16/2015,403.6,406.6,8.0425
BOBOA_90E_15N,14.995,89.935,1/16/2015,400.8,403.7,8.048
BOBOA_90E_15N,14.995,89.935,1/16/2015,406.8,409.9,8.0416
BOBOA_90E_15N,14.995,89.935,1/16/2015,402.8,405.6,8.0459
BOBOA_90E_15N,14.995,89.935,1/16/2015,396.9,399.6,8.0427
BOBOA_90E_15N,14.995,89.935,1/16/2015,394.7,397.3,8.0446
BOBOA_90E_15N,14.995,89.935,1/16/2015,394.4,397,8.0559
BOBOA_90E_15N,14.995,89.935,1/17/2015,394,396.5,8.0424
BOBOA_90E_15N,14.995,89.935,1/17/2015,395.8,398.6,8.0457
BOBOA_90E_15N,14.995,89.935,1/17/2015,399.5,402.4,8.0418
BOBOA_90E_15N,14.995,89.935,1/17/2015,398.1,401.2,8.0488
BOBOA_90E_15N,14.995,89.935,1/17/2015,394.5,397.2,8.0517
BOBOA_90E_15N,14.995,89.935,1/17/2015,394.1,396.8,8.0474
BOBOA_90E_15N,14.995,89.935,1/17/2015,396,398.7,8.0492
BOBOA_90E_15N,14.995,89.935,1/17/2015,399.7,402.3,8.0473
BOBOA_90E_15N,14.995,89.935,1/18/2015,397.4,400,8.0447
BOBOA_90E_15N,14.995,89.935,1/18/2015,394.9,397.5,8.04
BOBOA_90E_15N,14.995,89.935,1/18/2015,395.7,398.6,8.0455
BOBOA_90E_15N,14.995,89.935,1/18/2015,396.4,399.4,8.0452
BOBOA_90E_15N,14.995,89.935,1/18/2015,397.6,400.3,8.0441
BOBOA_90E_15N,14.995,89.935,1/18/2015,395.1,397.7,8.0481
BOBOA_90E_15N,14.995,89.935,1/18/2015,393.6,396.1,8.0492
BOBOA_90E_15N,14.995,89.935,1/18/2015,396.2,398.7,8.0459
BOBOA_90E_15N,14.995,89.935,1/19/2015,405.4,408,8.0399
BOBOA_90E_15N,14.995,89.935,1/19/2015,390.7,393.4,8.0487
BOBOA_90E_15N,14.995,89.935,1/19/2015,380.4,383.2,8.0687
BOBOA_90E_15N,14.995,89.935,1/19/2015,376.5,379.3,8.0616
BOBOA_90E_15N,14.995,89.935,1/19/2015,373.1,375.5,8.0618
BOBOA_90E_15N,14.995,89.935,1/19/2015,370.2,372.7,8.0671
BOBOA_90E_15N,14.995,89.935,1/19/2015,374.9,377.3,8.068
BOBOA_90E_15N,14.995,89.935,1/19/2015,373.1,375.4,8.0565
BOBOA_90E_15N,14.995,89.935,1/20/2015,371.1,373.4,8.0691
BOBOA_90E_15N,14.995,89.935,1/20/2015,370.6,373,8.0664
BOBOA_90E_15N,14.995,89.935,1/20/2015,371.8,374.4,8.0644
BOBOA_90E_15N,14.995,89.935,1/20/2015,372.9,375.5,8.0646
BOBOA_90E_15N,14.995,89.935,1/20/2015,370.6,373,8.0647
BOBOA_90E_15N,14.995,89.935,1/20/2015,370.1,372.4,8.0683
BOBOA_90E_15N,14.995,89.935,1/20/2015,370.2,372.5,8.0636
BOBOA_90E_15N,14.995,89.935,1/20/2015,372.7,374.9,8.061
BOBOA_90E_15N,14.995,89.935,1/21/2015,370.8,373,8.0647
BOBOA_90E_15N,14.995,89.935,1/21/2015,369.8,372.1,8.0717
BOBOA_90E_15N,14.995,89.935,1/21/2015,372.1,374.7,8.0691
BOBOA_90E_15N,14.995,89.935,1/21/2015,382.3,385,8.0576
BOBOA_90E_15N,14.995,89.935,1/21/2015,375.4,377.9,8.069
BOBOA_90E_15N,14.995,89.935,1/21/2015,372.5,374.9,8.0612
BOBOA_90E_15N,14.995,89.935,1/21/2015,-999,-999,8.0679
BOBOA_90E_15N,14.995,89.935,1/21/2015,374.6,377,8.0678
BOBOA_90E_15N,14.995,89.935,1/22/2015,377.3,379.7,8.0661
BOBOA_90E_15N,14.995,89.935,1/22/2015,377.6,380.2,8.0681
BOBOA_90E_15N,14.995,89.935,1/22/2015,377.2,379.9,8.0647
BOBOA_90E_15N,14.995,89.935,1/22/2015,382.3,385.2,8.0613
BOBOA_90E_15N,14.995,89.935,1/22/2015,380.2,382.8,8.0683
BOBOA_90E_15N,14.995,89.935,1/22/2015,374.3,376.8,8.065
BOBOA_90E_15N,14.995,89.935,1/22/2015,372.1,374.6,8.0702
BOBOA_90E_15N,14.995,89.935,1/22/2015,375.2,377.6,8.0617
BOBOA_90E_15N,14.995,89.935,1/23/2015,374.5,376.9,8.0555
BOBOA_90E_15N,14.995,89.935,1/23/2015,375.2,377.8,8.0604
BOBOA_90E_15N,14.995,89.935,1/23/2015,379.2,381.9,8.0576
BOBOA_90E_15N,14.995,89.935,1/23/2015,385.9,388.8,8.0577
BOBOA_90E_15N,14.995,89.935,1/23/2015,384.5,387.1,8.0622
BOBOA_90E_15N,14.995,89.935,1/23/2015,392.3,395,8.0501
BOBOA_90E_15N,14.995,89.935,1/23/2015,395.3,397.9,8.0494
BOBOA_90E_15N,14.995,89.935,1/23/2015,394.1,396.7,8.0501
BOBOA_90E_15N,14.995,89.935,1/24/2015,396.7,399.2,8.05
BOBOA_90E_15N,14.995,89.935,1/24/2015,391.2,393.9,8.0528
BOBOA_90E_15N,14.995,89.935,1/24/2015,395.1,397.9,8.0521
BOBOA_90E_15N,14.995,89.935,1/24/2015,396.2,399,8.051
BOBOA_90E_15N,14.995,89.935,1/24/2015,394.8,397.4,8.0436
BOBOA_90E_15N,14.995,89.935,1/24/2015,395.6,398.1,8.0433
BOBOA_90E_15N,14.995,89.935,1/24/2015,397.4,399.9,8.0419
BOBOA_90E_15N,14.995,89.935,1/24/2015,402.7,405.2,8.0445
BOBOA_90E_15N,14.995,89.935,1/25/2015,403.5,406,8.0417
BOBOA_90E_15N,14.995,89.935,1/25/2015,398.5,401.1,8.0405
BOBOA_90E_15N,14.995,89.935,1/25/2015,-999,-999,8.044
BOBOA_90E_15N,14.995,89.935,1/25/2015,396.4,399.3,8.0463
BOBOA_90E_15N,14.995,89.935,1/25/2015,394,396.7,8.0496
BOBOA_90E_15N,14.995,89.935,1/25/2015,393.3,395.9,8.0503
BOBOA_90E_15N,14.995,89.935,1/25/2015,394.1,396.7,8.0413
BOBOA_90E_15N,14.995,89.935,1/25/2015,393.4,395.9,8.0425
BOBOA_90E_15N,14.995,89.935,1/26/2015,394.5,397,8.0461
BOBOA_90E_15N,14.995,89.935,1/26/2015,395.9,398.4,8.0436
BOBOA_90E_15N,14.995,89.935,1/26/2015,391.9,394.6,8.0523
BOBOA_90E_15N,14.995,89.935,1/26/2015,392.9,395.7,8.0508
BOBOA_90E_15N,14.995,89.935,1/26/2015,391.8,394.4,8.0532
BOBOA_90E_15N,14.995,89.935,1/26/2015,394,396.5,8.0444
BOBOA_90E_15N,14.995,89.935,1/26/2015,394.9,397.4,8.0495
BOBOA_90E_15N,14.995,89.935,1/26/2015,389.3,391.7,8.0531
BOBOA_90E_15N,14.995,89.935,1/27/2015,388.2,390.6,8.0549
BOBOA_90E_15N,14.995,89.935,1/27/2015,387.2,389.8,8.0575
BOBOA_90E_15N,14.995,89.935,1/27/2015,377.2,379.8,8.0627
BOBOA_90E_15N,14.995,89.935,1/27/2015,387.9,390.7,8.0623
BOBOA_90E_15N,14.995,89.935,1/27/2015,387.7,390.1,8.0581
BOBOA_90E_15N,14.995,89.935,1/27/2015,378.7,381.1,8.0583
BOBOA_90E_15N,14.995,89.935,1/27/2015,379.1,381.4,8.062
BOBOA_90E_15N,14.995,89.935,1/27/2015,378.2,380.5,8.0646
BOBOA_90E_15N,14.995,89.935,1/28/2015,376.1,378.3,8.0613
BOBOA_90E_15N,14.995,89.935,1/28/2015,378.5,380.9,8.0619
BOBOA_90E_15N,14.995,89.935,1/28/2015,377.2,379.8,8.0608
BOBOA_90E_15N,14.995,89.935,1/28/2015,380.1,382.8,8.0604
BOBOA_90E_15N,14.995,89.935,1/28/2015,378.1,380.5,8.0639
BOBOA_90E_15N,14.995,89.935,1/28/2015,376.1,378.5,8.059
BOBOA_90E_15N,14.995,89.935,1/28/2015,380.1,382.6,8.0651
BOBOA_90E_15N,14.995,89.935,1/28/2015,382,384.4,8.0601
BOBOA_90E_15N,14.995,89.935,1/29/2015,385.6,388,8.0543
BOBOA_90E_15N,14.995,89.935,1/29/2015,378.4,380.8,8.0592
BOBOA_90E_15N,14.995,89.935,1/29/2015,388.6,391.3,8.063
BOBOA_90E_15N,14.995,89.935,1/29/2015,392.2,395.1,8.0555
BOBOA_90E_15N,14.995,89.935,1/29/2015,400.4,403,8.0604
BOBOA_90E_15N,14.995,89.935,1/29/2015,380.5,383,8.0647
BOBOA_90E_15N,14.995,89.935,1/29/2015,-999,-999,8.0594
BOBOA_90E_15N,14.995,89.935,1/29/2015,380.1,382.4,8.0563
BOBOA_90E_15N,14.995,89.935,1/30/2015,381.3,383.6,8.0575
BOBOA_90E_15N,14.995,89.935,1/30/2015,377.7,380.1,8.064
BOBOA_90E_15N,14.995,89.935,1/30/2015,377.7,380.2,8.0707
BOBOA_90E_15N,14.995,89.935,1/30/2015,382.5,385.3,8.0585
BOBOA_90E_15N,14.995,89.935,1/30/2015,383.5,386.1,8.0641
BOBOA_90E_15N,14.995,89.935,1/30/2015,377.6,380.1,8.0653
BOBOA_90E_15N,14.995,89.935,1/30/2015,377.1,379.6,8.0615
BOBOA_90E_15N,14.995,89.935,1/30/2015,380.2,382.6,8.0509
BOBOA_90E_15N,14.995,89.935,1/31/2015,383.7,386.1,8.0596
BOBOA_90E_15N,14.995,89.935,1/31/2015,378,380.5,8.0597
BOBOA_90E_15N,14.995,89.935,1/31/2015,379.2,381.8,8.0585
BOBOA_90E_15N,14.995,89.935,1/31/2015,381.7,384.4,8.0545
BOBOA_90E_15N,14.995,89.935,1/31/2015,380.9,383.4,8.0581
BOBOA_90E_15N,14.995,89.935,1/31/2015,377.6,380,8.0607
BOBOA_90E_15N,14.995,89.935,1/31/2015,380.4,382.8,8.0554
BOBOA_90E_15N,14.995,89.935,1/31/2015,389.2,391.6,8.0479
BOBOA_90E_15N,14.995,89.935,2/1/2015,395.2,397.7,8.0527
BOBOA_90E_15N,14.995,89.935,2/1/2015,393.9,396.3,8.0447
BOBOA_90E_15N,14.995,89.935,2/1/2015,394.2,396.8,8.0387
BOBOA_90E_15N,14.995,89.935,2/1/2015,395.5,398.1,8.0449
BOBOA_90E_15N,14.995,89.935,2/1/2015,393.2,395.6,8.0512
BOBOA_90E_15N,14.995,89.935,2/1/2015,391.1,393.4,8.0447
BOBOA_90E_15N,14.995,89.935,2/1/2015,393,395.3,8.0393
BOBOA_90E_15N,14.995,89.935,2/1/2015,397.7,400.1,8.0472
BOBOA_90E_15N,14.995,89.935,2/2/2015,393,395.3,8.045
BOBOA_90E_15N,14.995,89.935,2/2/2015,387.8,390.2,8.0489
BOBOA_90E_15N,14.995,89.935,2/2/2015,388.2,390.8,8.0502
BOBOA_90E_15N,14.995,89.935,2/2/2015,391.8,394.6,8.0418
BOBOA_90E_15N,14.995,89.935,2/2/2015,395.7,398.3,8.0451
BOBOA_90E_15N,14.995,89.935,2/2/2015,393.9,396.4,8.0429
BOBOA_90E_15N,14.995,89.935,2/2/2015,389.5,392,8.0506
BOBOA_90E_15N,14.995,89.935,2/2/2015,388.5,391,8.0461
BOBOA_90E_15N,14.995,89.935,2/3/2015,386.6,389.1,8.0531
BOBOA_90E_15N,14.995,89.935,2/3/2015,382.3,384.9,8.0503
BOBOA_90E_15N,14.995,89.935,2/3/2015,385.8,388.6,8.0557
BOBOA_90E_15N,14.995,89.935,2/3/2015,385.6,388.4,8.0519
BOBOA_90E_15N,14.995,89.935,2/3/2015,385.4,388,8.0539
BOBOA_90E_15N,14.995,89.935,2/3/2015,384.4,387,8.0586
BOBOA_90E_15N,14.995,89.935,2/3/2015,383.6,386.1,-999
BOBOA_90E_15N,14.995,89.935,2/3/2015,385.4,387.9,-999
BOBOA_90E_15N,14.995,89.935,2/4/2015,383.7,386.2,-999
BOBOA_90E_15N,14.995,89.935,2/4/2015,381.2,383.9,-999
BOBOA_90E_15N,14.995,89.935,2/4/2015,383,385.8,-999
BOBOA_90E_15N,14.995,89.935,2/4/2015,383.9,386.8,-999
BOBOA_90E_15N,14.995,89.935,2/4/2015,382.8,385.5,-999
BOBOA_90E_15N,14.995,89.935,2/4/2015,381.3,383.9,-999
BOBOA_90E_15N,14.995,89.935,2/4/2015,381.7,384.2,8.0521
BOBOA_90E_15N,14.995,89.935,2/4/2015,381.7,384.1,8.0547
BOBOA_90E_15N,14.995,89.935,2/5/2015,382.3,384.7,8.0551
BOBOA_90E_15N,14.995,89.935,2/5/2015,379.9,382.5,8.0553
BOBOA_90E_15N,14.995,89.935,2/5/2015,384.8,387.5,8.049
BOBOA_90E_15N,14.995,89.935,2/5/2015,386.2,389,8.0518
BOBOA_90E_15N,14.995,89.935,2/5/2015,383.8,386.4,8.0589
BOBOA_90E_15N,14.995,89.935,2/5/2015,383.2,385.8,8.0576
BOBOA_90E_15N,14.995,89.935,2/5/2015,385.3,387.7,8.0517
BOBOA_90E_15N,14.995,89.935,2/5/2015,390.2,392.6,8.0532
BOBOA_90E_15N,14.995,89.935,2/6/2015,394.6,397.1,8.0444
BOBOA_90E_15N,14.995,89.935,2/6/2015,387.8,390.4,8.0469
BOBOA_90E_15N,14.995,89.935,2/6/2015,387.9,390.5,8.0562
BOBOA_90E_15N,14.995,89.935,2/6/2015,383,385.8,8.0565
BOBOA_90E_15N,14.995,89.935,2/6/2015,377.4,379.9,8.0662
BOBOA_90E_15N,14.995,89.935,2/6/2015,374.9,377.3,8.056
BOBOA_90E_15N,14.995,89.935,2/6/2015,375.6,377.9,8.0641
BOBOA_90E_15N,14.995,89.935,2/6/2015,375.8,378.1,8.0583
BOBOA_90E_15N,14.995,89.935,2/7/2015,376.4,378.8,8.0647
BOBOA_90E_15N,14.995,89.935,2/7/2015,376.9,379.4,8.0632
BOBOA_90E_15N,14.995,89.935,2/7/2015,380,382.6,8.0646
BOBOA_90E_15N,14.995,89.935,2/7/2015,381.4,384.2,8.0591
BOBOA_90E_15N,14.995,89.935,2/7/2015,380.1,382.7,8.0576
BOBOA_90E_15N,14.995,89.935,2/7/2015,383,385.6,8.0566
BOBOA_90E_15N,14.995,89.935,2/7/2015,383,385.5,8.057
BOBOA_90E_15N,14.995,89.935,2/7/2015,382,384.4,8.0546
BOBOA_90E_15N,14.995,89.935,2/8/2015,381.9,384.2,8.06
BOBOA_90E_15N,14.995,89.935,2/8/2015,383.3,385.8,8.055
BOBOA_90E_15N,14.995,89.935,2/8/2015,385.2,387.9,8.0446
BOBOA_90E_15N,14.995,89.935,2/8/2015,385.5,388.3,8.0525
BOBOA_90E_15N,14.995,89.935,2/8/2015,381.8,384.3,8.0568
BOBOA_90E_15N,14.995,89.935,2/8/2015,381.2,383.6,8.0607
BOBOA_90E_15N,14.995,89.935,2/8/2015,382.1,384.5,8.0587
BOBOA_90E_15N,14.995,89.935,2/8/2015,384.2,386.6,8.0577
BOBOA_90E_15N,14.995,89.935,2/9/2015,383.9,386.2,8.0505
BOBOA_90E_15N,14.995,89.935,2/9/2015,383.4,385.9,8.0574
BOBOA_90E_15N,14.995,89.935,2/9/2015,385.5,388.1,8.0474
BOBOA_90E_15N,14.995,89.935,2/9/2015,387.3,390.1,8.0489
BOBOA_90E_15N,14.995,89.935,2/9/2015,385.1,387.6,8.056
BOBOA_90E_15N,14.995,89.935,2/9/2015,383.2,385.6,8.0521
BOBOA_90E_15N,14.995,89.935,2/9/2015,384.1,386.5,8.0561
BOBOA_90E_15N,14.995,89.935,2/9/2015,384.5,386.9,8.0639
BOBOA_90E_15N,14.995,89.935,2/10/2015,384.3,386.8,8.0532
BOBOA_90E_15N,14.995,89.935,2/10/2015,384.2,386.8,8.0522
BOBOA_90E_15N,14.995,89.935,2/10/2015,388.4,391.1,8.0481
BOBOA_90E_15N,14.995,89.935,2/10/2015,390.5,393.3,8.0459
BOBOA_90E_15N,14.995,89.935,2/10/2015,396.3,398.8,8.0519
BOBOA_90E_15N,14.995,89.935,2/10/2015,391.9,394.3,8.0539
BOBOA_90E_15N,14.995,89.935,2/10/2015,391.4,393.9,8.0435
BOBOA_90E_15N,14.995,89.935,2/10/2015,392.3,394.8,8.0432
BOBOA_90E_15N,14.995,89.935,2/11/2015,390.4,392.9,8.0517
BOBOA_90E_15N,14.995,89.935,2/11/2015,388.5,391,8.0445
BOBOA_90E_15N,14.995,89.935,2/11/2015,387.1,389.8,8.0563
BOBOA_90E_15N,14.995,89.935,2/11/2015,385.8,388.4,8.0546
BOBOA_90E_15N,14.995,89.935,2/11/2015,385.8,388.4,8.0535
BOBOA_90E_15N,14.995,89.935,2/11/2015,383.6,386,8.0579
BOBOA_90E_15N,14.995,89.935,2/11/2015,382.6,385,8.0578
BOBOA_90E_15N,14.995,89.935,2/11/2015,383.4,385.8,8.0585
BOBOA_90E_15N,14.995,89.935,2/12/2015,385.6,388,8.0485
BOBOA_90E_15N,14.995,89.935,2/12/2015,383.3,385.8,8.0473
BOBOA_90E_15N,14.995,89.935,2/12/2015,383.8,386.4,8.0544
BOBOA_90E_15N,14.995,89.935,2/12/2015,388.4,391.1,8.0462
BOBOA_90E_15N,14.995,89.935,2/12/2015,388.8,391.4,8.0522
BOBOA_90E_15N,14.995,89.935,2/12/2015,385.7,388.2,8.0492
BOBOA_90E_15N,14.995,89.935,2/12/2015,-999,-999,8.0574
BOBOA_90E_15N,14.995,89.935,2/12/2015,386.5,388.9,8.0475
BOBOA_90E_15N,14.995,89.935,2/13/2015,386.5,388.9,8.0468
BOBOA_90E_15N,14.995,89.935,2/13/2015,386.4,389,8.0468
BOBOA_90E_15N,14.995,89.935,2/13/2015,391.6,394.4,8.0474
BOBOA_90E_15N,14.995,89.935,2/13/2015,394.1,397.1,8.044
BOBOA_90E_15N,14.995,89.935,2/13/2015,387.1,389.8,8.0478
BOBOA_90E_15N,14.995,89.935,2/13/2015,384.2,386.7,8.0524
BOBOA_90E_15N,14.995,89.935,2/13/2015,385.4,387.8,8.0535
BOBOA_90E_15N,14.995,89.935,2/13/2015,385.6,387.9,8.0465
BOBOA_90E_15N,14.995,89.935,2/14/2015,385.7,388,8.0517
BOBOA_90E_15N,14.995,89.935,2/14/2015,385.6,388.1,8.0451
BOBOA_90E_15N,14.995,89.935,2/14/2015,395.9,398.8,8.0477
BOBOA_90E_15N,14.995,89.935,2/14/2015,406.4,409.7,8.0435
BOBOA_90E_15N,14.995,89.935,2/14/2015,397,399.7,8.0421
BOBOA_90E_15N,14.995,89.935,2/14/2015,394.2,396.8,8.0475
BOBOA_90E_15N,14.995,89.935,2/14/2015,394.9,397.4,8.0466
BOBOA_90E_15N,14.995,89.935,2/14/2015,396.1,398.5,8.0532
BOBOA_90E_15N,14.995,89.935,2/15/2015,394.1,396.5,8.0495
BOBOA_90E_15N,14.995,89.935,2/15/2015,392,394.9,8.0478
BOBOA_90E_15N,14.995,89.935,2/15/2015,398.5,401.4,8.0456
BOBOA_90E_15N,14.995,89.935,2/15/2015,401,404.1,8.0394
BOBOA_90E_15N,14.995,89.935,2/15/2015,393.6,396.2,8.045
BOBOA_90E_15N,14.995,89.935,2/15/2015,388.9,391.4,8.0501
BOBOA_90E_15N,14.995,89.935,2/15/2015,388.8,391.3,8.0536
BOBOA_90E_15N,14.995,89.935,2/15/2015,390.6,393.1,8.057
BOBOA_90E_15N,14.995,89.935,2/16/2015,390.4,392.9,8.0531
BOBOA_90E_15N,14.995,89.935,2/16/2015,387.8,390.5,8.0459
BOBOA_90E_15N,14.995,89.935,2/16/2015,392.3,395.1,8.0445
BOBOA_90E_15N,14.995,89.935,2/16/2015,391.5,394.4,8.0499
BOBOA_90E_15N,14.995,89.935,2/16/2015,389.8,392.4,8.0541
BOBOA_90E_15N,14.995,89.935,2/16/2015,388.4,391,8.0539
BOBOA_90E_15N,14.995,89.935,2/16/2015,392.3,394.9,8.0465
BOBOA_90E_15N,14.995,89.935,2/16/2015,392.9,395.4,8.0444
BOBOA_90E_15N,14.995,89.935,2/17/2015,393.4,395.8,8.0417
BOBOA_90E_15N,14.995,89.935,2/17/2015,391.1,393.7,8.045
BOBOA_90E_15N,14.995,89.935,2/17/2015,394.6,397.4,8.0486
BOBOA_90E_15N,14.995,89.935,2/17/2015,398.2,401.2,8.0452
BOBOA_90E_15N,14.995,89.935,2/17/2015,395.4,398.1,8.0509
BOBOA_90E_15N,14.995,89.935,2/17/2015,392.1,394.7,8.0512
BOBOA_90E_15N,14.995,89.935,2/17/2015,391.8,394.3,8.0526
BOBOA_90E_15N,14.995,89.935,2/17/2015,383.6,386,8.0559
BOBOA_90E_15N,14.995,89.935,2/18/2015,382.3,384.6,8.0481
BOBOA_90E_15N,14.995,89.935,2/18/2015,380,382.6,8.0596
BOBOA_90E_15N,14.995,89.935,2/18/2015,377.5,380.3,8.0612
BOBOA_90E_15N,14.995,89.935,2/18/2015,379.7,382.7,8.0633
BOBOA_90E_15N,14.995,89.935,2/18/2015,388.5,391.1,8.055
BOBOA_90E_15N,14.995,89.935,2/18/2015,380.2,382.7,8.0584
BOBOA_90E_15N,14.995,89.935,2/18/2015,375.6,378,8.0575
BOBOA_90E_15N,14.995,89.935,2/18/2015,378.9,381.3,8.0583
BOBOA_90E_15N,14.995,89.935,2/19/2015,385.9,388.3,8.0667
BOBOA_90E_15N,14.995,89.935,2/19/2015,372.1,374.6,8.0662
BOBOA_90E_15N,14.995,89.935,2/19/2015,372.8,375.5,8.0654
BOBOA_90E_15N,14.995,89.935,2/19/2015,378.8,381.6,8.0678
BOBOA_90E_15N,14.995,89.935,2/19/2015,373.8,376.3,8.0568
BOBOA_90E_15N,14.995,89.935,2/19/2015,365.6,367.9,8.0646
BOBOA_90E_15N,14.995,89.935,2/19/2015,362.7,365,8.0696
BOBOA_90E_15N,14.995,89.935,2/19/2015,361.4,363.6,8.0716
BOBOA_90E_15N,14.995,89.935,2/20/2015,360.9,363,8.0694
BOBOA_90E_15N,14.995,89.935,2/20/2015,358.3,360.7,8.071
BOBOA_90E_15N,14.995,89.935,2/20/2015,357.1,359.6,8.0742
BOBOA_90E_15N,14.995,89.935,2/20/2015,357,359.4,8.0668
BOBOA_90E_15N,14.995,89.935,2/20/2015,353.7,356.1,8.0758
BOBOA_90E_15N,14.995,89.935,2/20/2015,350.7,353,8.0782
BOBOA_90E_15N,14.995,89.935,2/20/2015,350.1,352.3,8.0821
BOBOA_90E_15N,14.995,89.935,2/20/2015,350.6,352.7,8.0837
BOBOA_90E_15N,14.995,89.935,2/21/2015,351.3,353.4,8.0726
BOBOA_90E_15N,14.995,89.935,2/21/2015,351.6,353.8,8.0781
BOBOA_90E_15N,14.995,89.935,2/21/2015,354.4,356.8,8.0777
BOBOA_90E_15N,14.995,89.935,2/21/2015,356.4,358.8,8.0784
BOBOA_90E_15N,14.995,89.935,2/21/2015,353.3,355.6,8.0754
BOBOA_90E_15N,14.995,89.935,2/21/2015,353.4,355.6,8.0838
BOBOA_90E_15N,14.995,89.935,2/21/2015,355.1,357.2,8.0756
BOBOA_90E_15N,14.995,89.935,2/21/2015,355.7,357.8,8.0726
BOBOA_90E_15N,14.995,89.935,2/22/2015,355.1,357.2,8.0749
BOBOA_90E_15N,14.995,89.935,2/22/2015,355.2,357.5,8.0715
BOBOA_90E_15N,14.995,89.935,2/22/2015,358.6,361.1,8.067
BOBOA_90E_15N,14.995,89.935,2/22/2015,361,363.6,8.0731
BOBOA_90E_15N,14.995,89.935,2/22/2015,358.8,361.1,8.0769
BOBOA_90E_15N,14.995,89.935,2/22/2015,356.4,358.7,8.0782
BOBOA_90E_15N,14.995,89.935,2/22/2015,356.5,358.7,8.0708
BOBOA_90E_15N,14.995,89.935,2/22/2015,356.2,358.4,8.0659
BOBOA_90E_15N,14.995,89.935,2/23/2015,358.1,360.3,8.0681
BOBOA_90E_15N,14.995,89.935,2/23/2015,357.6,359.9,8.0749
BOBOA_90E_15N,14.995,89.935,2/23/2015,366.3,368.8,8.0657
BOBOA_90E_15N,14.995,89.935,2/23/2015,369.7,372.5,8.0648
BOBOA_90E_15N,14.995,89.935,2/23/2015,365.2,367.7,8.0696
BOBOA_90E_15N,14.995,89.935,2/23/2015,362.1,364.5,8.072
BOBOA_90E_15N,14.995,89.935,2/23/2015,359.6,361.9,8.0675
BOBOA_90E_15N,14.995,89.935,2/23/2015,359.8,362,8.0718
BOBOA_90E_15N,14.995,89.935,2/24/2015,357.5,359.7,8.0707
BOBOA_90E_15N,14.995,89.935,2/24/2015,357.5,359.9,8.0745
BOBOA_90E_15N,14.995,89.935,2/24/2015,364.9,367.5,8.0626
BOBOA_90E_15N,14.995,89.935,2/24/2015,368.5,371.4,8.0643
BOBOA_90E_15N,14.995,89.935,2/24/2015,363.5,366,8.0699
BOBOA_90E_15N,14.995,89.935,2/24/2015,360.3,362.7,8.0722
BOBOA_90E_15N,14.995,89.935,2/24/2015,358.7,361,8.0709
BOBOA_90E_15N,14.995,89.935,2/24/2015,361.6,363.9,8.0698
BOBOA_90E_15N,14.995,89.935,2/25/2015,358.2,360.5,8.0705
BOBOA_90E_15N,14.995,89.935,2/25/2015,358.1,360.5,8.068
BOBOA_90E_15N,14.995,89.935,2/25/2015,364.1,366.7,8.0707
BOBOA_90E_15N,14.995,89.935,2/25/2015,368.2,370.9,8.0622
BOBOA_90E_15N,14.995,89.935,2/25/2015,363.5,366,8.0635
BOBOA_90E_15N,14.995,89.935,2/25/2015,360.9,363.3,8.0729
BOBOA_90E_15N,14.995,89.935,2/25/2015,360.8,363.2,8.0665
BOBOA_90E_15N,14.995,89.935,2/25/2015,360,362.3,8.0688
BOBOA_90E_15N,14.995,89.935,2/26/2015,-999,-999,8.0694
BOBOA_90E_15N,14.995,89.935,2/26/2015,360.5,362.9,8.0727
BOBOA_90E_15N,14.995,89.935,2/26/2015,375.7,378.4,8.0691
BOBOA_90E_15N,14.995,89.935,2/26/2015,385.9,388.9,8.0524
BOBOA_90E_15N,14.995,89.935,2/26/2015,375.7,378.3,8.0577
BOBOA_90E_15N,14.995,89.935,2/26/2015,367.2,369.7,8.0595
BOBOA_90E_15N,14.995,89.935,2/26/2015,365.5,367.9,8.0695
BOBOA_90E_15N,14.995,89.935,2/26/2015,364.6,366.9,8.0691
BOBOA_90E_15N,14.995,89.935,2/27/2015,362.5,364.7,8.0685
BOBOA_90E_15N,14.995,89.935,2/27/2015,365.3,368,8.0671
BOBOA_90E_15N,14.995,89.935,2/27/2015,378.7,381.4,8.06
BOBOA_90E_15N,14.995,89.935,2/27/2015,378.6,381.4,8.0606
BOBOA_90E_15N,14.995,89.935,2/27/2015,373.3,375.9,8.0644
BOBOA_90E_15N,14.995,89.935,2/27/2015,368.8,371.3,8.0603
BOBOA_90E_15N,14.995,89.935,2/27/2015,369.2,371.7,8.0616
BOBOA_90E_15N,14.995,89.935,2/27/2015,369.1,371.4,8.0646
BOBOA_90E_15N,14.995,89.935,2/28/2015,367.9,370.2,8.0585
BOBOA_90E_15N,14.995,89.935,2/28/2015,367.1,369.6,8.0658
BOBOA_90E_15N,14.995,89.935,2/28/2015,374.8,377.6,8.0576
BOBOA_90E_15N,14.995,89.935,2/28/2015,374.4,377.2,8.0645
BOBOA_90E_15N,14.995,89.935,2/28/2015,369.8,372.4,8.059
BOBOA_90E_15N,14.995,89.935,2/28/2015,366.8,369.3,8.0645
BOBOA_90E_15N,14.995,89.935,2/28/2015,367.6,370,8.0586
BOBOA_90E_15N,14.995,89.935,2/28/2015,368.6,370.9,8.0638
BOBOA_90E_15N,14.995,89.935,3/1/2015,365.3,367.5,8.0666
BOBOA_90E_15N,14.995,89.935,3/1/2015,365.1,367.6,8.0677
BOBOA_90E_15N,14.995,89.935,3/1/2015,368.7,371.4,8.0669
BOBOA_90E_15N,14.995,89.935,3/1/2015,372.5,375.4,8.0618
BOBOA_90E_15N,14.995,89.935,3/1/2015,368.9,371.5,8.0701
BOBOA_90E_15N,14.995,89.935,3/1/2015,365.9,368.4,8.065
BOBOA_90E_15N,14.995,89.935,3/1/2015,365.9,368.4,8.063
BOBOA_90E_15N,14.995,89.935,3/1/2015,365.7,368.2,8.0693
BOBOA_90E_15N,14.995,89.935,3/2/2015,365.7,368.1,8.0627
BOBOA_90E_15N,14.995,89.935,3/2/2015,366.5,369,8.0655
BOBOA_90E_15N,14.995,89.935,3/2/2015,372.9,375.7,8.0611
BOBOA_90E_15N,14.995,89.935,3/2/2015,384.7,387.9,8.055
BOBOA_90E_15N,14.995,89.935,3/2/2015,378.7,381.4,8.0542
BOBOA_90E_15N,14.995,89.935,3/2/2015,371.9,374.5,8.0581
BOBOA_90E_15N,14.995,89.935,3/2/2015,369.2,371.8,8.0591
BOBOA_90E_15N,14.995,89.935,3/2/2015,369.9,372.5,8.0634
BOBOA_90E_15N,14.995,89.935,3/3/2015,367.2,369.7,8.0591
BOBOA_90E_15N,14.995,89.935,3/3/2015,365.8,368.5,8.0691
BOBOA_90E_15N,14.995,89.935,3/3/2015,371.8,374.6,8.0645
BOBOA_90E_15N,14.995,89.935,3/3/2015,379.6,382.8,8.0579
BOBOA_90E_15N,14.995,89.935,3/3/2015,375.4,378.2,8.0556
BOBOA_90E_15N,14.995,89.935,3/3/2015,374.5,377.1,8.0587
BOBOA_90E_15N,14.995,89.935,3/3/2015,372,374.5,8.0597
BOBOA_90E_15N,14.995,89.935,3/3/2015,370.9,373.5,8.0643
BOBOA_90E_15N,14.995,89.935,3/4/2015,368.9,371.3,8.0632
BOBOA_90E_15N,14.995,89.935,3/4/2015,377.9,380.7,8.0669
BOBOA_90E_15N,14.995,89.935,3/4/2015,389.6,392.6,8.0615
BOBOA_90E_15N,14.995,89.935,3/4/2015,408.7,412.3,8.0602
BOBOA_90E_15N,14.995,89.935,3/4/2015,411.1,414.3,8.0348
BOBOA_90E_15N,14.995,89.935,3/4/2015,385.3,388.2,8.0504
BOBOA_90E_15N,14.995,89.935,3/4/2015,374.5,377.2,8.0598
BOBOA_90E_15N,14.995,89.935,3/4/2015,372.8,375.4,8.0625
BOBOA_90E_15N,14.995,89.935,3/5/2015,372.5,375.1,8.06
BOBOA_90E_15N,14.995,89.935,3/5/2015,371.1,374,8.0605
BOBOA_90E_15N,14.995,89.935,3/5/2015,375.4,378.3,8.0625
BOBOA_90E_15N,14.995,89.935,3/5/2015,376,379,8.0535
BOBOA_90E_15N,14.995,89.935,3/5/2015,371.3,374,8.0611
BOBOA_90E_15N,14.995,89.935,3/5/2015,367.3,369.9,8.0621
BOBOA_90E_15N,14.995,89.935,3/5/2015,366.4,369,8.0719
BOBOA_90E_15N,14.995,89.935,3/5/2015,368.5,371,8.0642
BOBOA_90E_15N,14.995,89.935,3/6/2015,371.4,373.9,8.0627
BOBOA_90E_15N,14.995,89.935,3/6/2015,369.5,372.2,8.0698
BOBOA_90E_15N,14.995,89.935,3/6/2015,370.5,373.3,8.0649
BOBOA_90E_15N,14.995,89.935,3/6/2015,371.6,374.4,8.0653
BOBOA_90E_15N,14.995,89.935,3/6/2015,369.2,371.9,8.0648
BOBOA_90E_15N,14.995,89.935,3/6/2015,365.7,368.3,8.075
BOBOA_90E_15N,14.995,89.935,3/6/2015,364.7,367.2,8.0676
BOBOA_90E_15N,14.995,89.935,3/6/2015,364.2,366.7,8.0663
BOBOA_90E_15N,14.995,89.935,3/7/2015,364.4,366.8,8.0704
BOBOA_90E_15N,14.995,89.935,3/7/2015,364.3,366.9,8.0658
BOBOA_90E_15N,14.995,89.935,3/7/2015,366.5,369.2,8.0625
BOBOA_90E_15N,14.995,89.935,3/7/2015,366.9,369.6,8.0598
BOBOA_90E_15N,14.995,89.935,3/7/2015,365.9,368.5,8.0662
BOBOA_90E_15N,14.995,89.935,3/7/2015,366.5,368.9,8.0633
BOBOA_90E_15N,14.995,89.935,3/7/2015,366.4,368.9,8.0643
BOBOA_90E_15N,14.995,89.935,3/7/2015,366.3,368.6,8.0655
BOBOA_90E_15N,14.995,89.935,3/8/2015,365.7,368,8.0616
BOBOA_90E_15N,14.995,89.935,3/8/2015,367,369.5,8.0587
BOBOA_90E_15N,14.995,89.935,3/8/2015,370.1,372.8,8.0646
BOBOA_90E_15N,14.995,89.935,3/8/2015,370.8,373.6,8.059
BOBOA_90E_15N,14.995,89.935,3/8/2015,368.4,371,8.0616
BOBOA_90E_15N,14.995,89.935,3/8/2015,368.3,370.9,8.0608
BOBOA_90E_15N,14.995,89.935,3/8/2015,368.6,371.1,8.0658
BOBOA_90E_15N,14.995,89.935,3/8/2015,368.1,370.4,8.0669
BOBOA_90E_15N,14.995,89.935,3/9/2015,367.9,370.2,8.0609
BOBOA_90E_15N,14.995,89.935,3/9/2015,366.7,369.3,8.0673
BOBOA_90E_15N,14.995,89.935,3/9/2015,369.7,372.4,8.064
BOBOA_90E_15N,14.995,89.935,3/9/2015,372,374.9,8.0593
BOBOA_90E_15N,14.995,89.935,3/9/2015,370.1,372.7,8.0645
BOBOA_90E_15N,14.995,89.935,3/9/2015,367.9,370.5,8.0574
BOBOA_90E_15N,14.995,89.935,3/9/2015,366.6,369,8.0663
BOBOA_90E_15N,14.995,89.935,3/9/2015,366,368.4,8.0616
BOBOA_90E_15N,14.995,89.935,3/10/2015,365.8,368.1,8.0618
BOBOA_90E_15N,14.995,89.935,3/10/2015,365.5,368.1,8.0648
BOBOA_90E_15N,14.995,89.935,3/10/2015,375.1,378,8.0648
BOBOA_90E_15N,14.995,89.935,3/10/2015,379.1,382.2,8.0523
BOBOA_90E_15N,14.995,89.935,3/10/2015,372.5,375.2,8.0617
BOBOA_90E_15N,14.995,89.935,3/10/2015,369.4,372,8.0625
BOBOA_90E_15N,14.995,89.935,3/10/2015,368,370.6,8.0671
BOBOA_90E_15N,14.995,89.935,3/10/2015,368.1,370.6,8.0685
BOBOA_90E_15N,14.995,89.935,3/11/2015,369.3,371.8,8.0586
BOBOA_90E_15N,14.995,89.935,3/11/2015,371.1,373.8,8.0538
BOBOA_90E_15N,14.995,89.935,3/11/2015,380.4,383.3,8.0494
BOBOA_90E_15N,14.995,89.935,3/11/2015,380.7,383.8,8.0556
BOBOA_90E_15N,14.995,89.935,3/11/2015,376.4,379.2,8.0569
BOBOA_90E_15N,14.995,89.935,3/11/2015,371.9,374.7,8.0615
BOBOA_90E_15N,14.995,89.935,3/11/2015,370.4,373,8.0588
BOBOA_90E_15N,14.995,89.935,3/11/2015,371.2,373.8,8.0576
BOBOA_90E_15N,14.995,89.935,3/12/2015,373,375.5,8.0552
BOBOA_90E_15N,14.995,89.935,3/12/2015,371.9,374.7,8.058
BOBOA_90E_15N,14.995,89.935,3/12/2015,376.9,379.9,8.0514
BOBOA_90E_15N,14.995,89.935,3/12/2015,379.9,383,8.0469
BOBOA_90E_15N,14.995,89.935,3/12/2015,378.2,381,8.0531
BOBOA_90E_15N,14.995,89.935,3/12/2015,374.6,377.2,8.0534
BOBOA_90E_15N,14.995,89.935,3/12/2015,374,376.5,8.06
BOBOA_90E_15N,14.995,89.935,3/12/2015,375.6,378,8.0536
BOBOA_90E_15N,14.995,89.935,3/13/2015,376.7,379.2,8.0559
BOBOA_90E_15N,14.995,89.935,3/13/2015,378.9,381.6,8.0513
BOBOA_90E_15N,14.995,89.935,3/13/2015,385.2,388.2,8.0471
BOBOA_90E_15N,14.995,89.935,3/13/2015,392.6,395.8,8.0515
BOBOA_90E_15N,14.995,89.935,3/13/2015,387.8,390.7,8.0466
BOBOA_90E_15N,14.995,89.935,3/13/2015,382.7,385.5,8.0394
BOBOA_90E_15N,14.995,89.935,3/13/2015,381.9,384.5,8.0509
BOBOA_90E_15N,14.995,89.935,3/13/2015,380.9,383.5,8.0519
BOBOA_90E_15N,14.995,89.935,3/14/2015,379.1,381.6,8.0508
BOBOA_90E_15N,14.995,89.935,3/14/2015,379.5,382.3,8.0492
BOBOA_90E_15N,14.995,89.935,3/14/2015,390.5,393.5,8.0453
BOBOA_90E_15N,14.995,89.935,3/14/2015,397.9,401.1,8.0471
BOBOA_90E_15N,14.995,89.935,3/14/2015,389.7,392.6,8.0495
BOBOA_90E_15N,14.995,89.935,3/14/2015,389.2,392,8.0466
BOBOA_90E_15N,14.995,89.935,3/14/2015,389.2,391.9,8.0473
BOBOA_90E_15N,14.995,89.935,3/14/2015,388.8,391.5,8.0418
BOBOA_90E_15N,14.995,89.935,3/15/2015,384.7,387.3,8.0464
BOBOA_90E_15N,14.995,89.935,3/15/2015,387.8,390.7,8.0475
BOBOA_90E_15N,14.995,89.935,3/15/2015,399.8,403,8.0451
BOBOA_90E_15N,14.995,89.935,3/15/2015,395.5,398.8,8.0354
BOBOA_90E_15N,14.995,89.935,3/15/2015,389.1,392.1,8.0388
BOBOA_90E_15N,14.995,89.935,3/15/2015,382.7,385.5,8.0509
BOBOA_90E_15N,14.995,89.935,3/15/2015,381.9,384.6,8.05
BOBOA_90E_15N,14.995,89.935,3/15/2015,381.7,384.4,8.0547
BOBOA_90E_15N,14.995,89.935,3/16/2015,379.5,382.1,8.0549
BOBOA_90E_15N,14.995,89.935,3/16/2015,380.5,383.4,8.0513
BOBOA_90E_15N,14.995,89.935,3/16/2015,392.2,395.4,8.0474
BOBOA_90E_15N,14.995,89.935,3/16/2015,396,399.4,8.0354
BOBOA_90E_15N,14.995,89.935,3/16/2015,390.4,393.4,8.0377
BOBOA_90E_15N,14.995,89.935,3/16/2015,389.1,392,8.0421
BOBOA_90E_15N,14.995,89.935,3/16/2015,394.6,397.5,8.0394
BOBOA_90E_15N,14.995,89.935,3/16/2015,388.2,391,8.0452
BOBOA_90E_15N,14.995,89.935,3/17/2015,385.1,387.9,8.0498
BOBOA_90E_15N,14.995,89.935,3/17/2015,384.7,387.6,8.0543
BOBOA_90E_15N,14.995,89.935,3/17/2015,388.5,391.6,8.048
BOBOA_90E_15N,14.995,89.935,3/17/2015,389.7,393,8.0496
BOBOA_90E_15N,14.995,89.935,3/17/2015,385.6,388.5,8.0451
BOBOA_90E_15N,14.995,89.935,3/17/2015,383.7,386.5,8.047
BOBOA_90E_15N,14.995,89.935,3/17/2015,383.9,386.6,8.0486
BOBOA_90E_15N,14.995,89.935,3/17/2015,386.8,389.4,8.0455
BOBOA_90E_15N,14.995,89.935,3/18/2015,388.1,390.8,8.0445
BOBOA_90E_15N,14.995,89.935,3/18/2015,389.6,392.6,8.0456
BOBOA_90E_15N,14.995,89.935,3/18/2015,402.6,405.9,8.0457
BOBOA_90E_15N,14.995,89.935,3/18/2015,415.5,419.2,8.0405
BOBOA_90E_15N,14.995,89.935,3/18/2015,400.1,403.3,8.0413
BOBOA_90E_15N,14.995,89.935,3/18/2015,393.4,396.4,8.0434
BOBOA_90E_15N,14.995,89.935,3/18/2015,392.7,395.6,8.0456
BOBOA_90E_15N,14.995,89.935,3/18/2015,393.3,396.1,8.0407
BOBOA_90E_15N,14.995,89.935,3/19/2015,391,393.6,8.0449
BOBOA_90E_15N,14.995,89.935,3/19/2015,396.4,399.7,8.0472
BOBOA_90E_15N,14.995,89.935,3/19/2015,402,405.3,8.0391
BOBOA_90E_15N,14.995,89.935,3/19/2015,400.9,404.3,8.033
BOBOA_90E_15N,14.995,89.935,3/19/2015,397.7,400.9,8.038
BOBOA_90E_15N,14.995,89.935,3/19/2015,393.4,396.4,8.0355
BOBOA_90E_15N,14.995,89.935,3/19/2015,392.2,395.2,8.0413
BOBOA_90E_15N,14.995,89.935,3/19/2015,393.6,396.5,8.0479
BOBOA_90E_15N,14.995,89.935,3/20/2015,392.8,395.6,8.0421
BOBOA_90E_15N,14.995,89.935,3/20/2015,394.3,397.4,8.042
BOBOA_90E_15N,14.995,89.935,3/20/2015,398.2,401.4,8.0407
BOBOA_90E_15N,14.995,89.935,3/20/2015,399.4,402.8,8.0404
BOBOA_90E_15N,14.995,89.935,3/20/2015,397.9,401,8.0396
BOBOA_90E_15N,14.995,89.935,3/20/2015,396.5,399.5,8.0436
BOBOA_90E_15N,14.995,89.935,3/20/2015,395.6,398.6,8.0417
BOBOA_90E_15N,14.995,89.935,3/20/2015,395.4,398.3,8.0406
BOBOA_90E_15N,14.995,89.935,3/21/2015,394,396.9,8.0423
BOBOA_90E_15N,14.995,89.935,3/21/2015,395,398.1,8.0354
BOBOA_90E_15N,14.995,89.935,3/21/2015,400.6,403.9,8.0326
BOBOA_90E_15N,14.995,89.935,3/21/2015,400.9,404.4,8.0382
BOBOA_90E_15N,14.995,89.935,3/21/2015,397.4,400.5,8.0392
BOBOA_90E_15N,14.995,89.935,3/21/2015,392.7,395.7,8.0437
BOBOA_90E_15N,14.995,89.935,3/21/2015,393.3,396.2,8.0495
BOBOA_90E_15N,14.995,89.935,3/21/2015,393.9,396.7,8.045
BOBOA_90E_15N,14.995,89.935,3/22/2015,392.6,395.4,8.0463
BOBOA_90E_15N,14.995,89.935,3/22/2015,394,397.1,8.0465
BOBOA_90E_15N,14.995,89.935,3/22/2015,397.4,400.7,8.0382
BOBOA_90E_15N,14.995,89.935,3/22/2015,402.3,405.8,8.0316
BOBOA_90E_15N,14.995,89.935,3/22/2015,397.3,400.4,8.0378
BOBOA_90E_15N,14.995,89.935,3/22/2015,394.9,397.9,8.0421
BOBOA_90E_15N,14.995,89.935,3/22/2015,396.5,399.4,8.0374
BOBOA_90E_15N,14.995,89.935,3/22/2015,397.1,399.8,8.0414
BOBOA_90E_15N,14.995,89.935,3/23/2015,396.3,399,8.0377
BOBOA_90E_15N,14.995,89.935,3/23/2015,401,404.1,8.0276
BOBOA_90E_15N,14.995,89.935,3/23/2015,409.9,413.4,8.0288
BOBOA_90E_15N,14.995,89.935,3/23/2015,443.8,447.8,8.027
BOBOA_90E_15N,14.995,89.935,3/23/2015,433,436.6,8.0202
BOBOA_90E_15N,14.995,89.935,3/23/2015,398.9,402,8.0416
BOBOA_90E_15N,14.995,89.935,3/23/2015,394.7,397.8,8.0378
BOBOA_90E_15N,14.995,89.935,3/23/2015,400.2,403.3,8.0435
BOBOA_90E_15N,14.995,89.935,3/24/2015,397.2,400.1,8.0397
BOBOA_90E_15N,14.995,89.935,3/24/2015,403.9,407.2,8.0364
BOBOA_90E_15N,14.995,89.935,3/24/2015,411,414.4,8.0387
BOBOA_90E_15N,14.995,89.935,3/24/2015,430.5,434.4,8.0294
BOBOA_90E_15N,14.995,89.935,3/24/2015,420.6,424,8.0187
BOBOA_90E_15N,14.995,89.935,3/24/2015,409.5,412.7,8.023
BOBOA_90E_15N,14.995,89.935,3/24/2015,406.1,409.3,8.0316
BOBOA_90E_15N,14.995,89.935,3/24/2015,401.5,404.6,8.0348
BOBOA_90E_15N,14.995,89.935,3/25/2015,398.2,401.2,8.0343
BOBOA_90E_15N,14.995,89.935,3/25/2015,397,400.2,8.0335
BOBOA_90E_15N,14.995,89.935,3/25/2015,399.3,402.7,8.0332
BOBOA_90E_15N,14.995,89.935,3/25/2015,400.9,404.4,8.0415
BOBOA_90E_15N,14.995,89.935,3/25/2015,400.1,403.3,8.0331
BOBOA_90E_15N,14.995,89.935,3/25/2015,391.9,395,8.0448
BOBOA_90E_15N,14.995,89.935,3/25/2015,391.6,394.7,8.0401
BOBOA_90E_15N,14.995,89.935,3/25/2015,391.5,394.5,8.0415
BOBOA_90E_15N,14.995,89.935,3/26/2015,391.6,394.6,8.0412
BOBOA_90E_15N,14.995,89.935,3/26/2015,391.5,394.7,8.0343
BOBOA_90E_15N,14.995,89.935,3/26/2015,398.9,402.3,8.0366
BOBOA_90E_15N,14.995,89.935,3/26/2015,398.1,401.7,8.0366
BOBOA_90E_15N,14.995,89.935,3/26/2015,394,397.2,8.044
BOBOA_90E_15N,14.995,89.935,3/26/2015,390.7,393.8,8.0452
BOBOA_90E_15N,14.995,89.935,3/26/2015,386.4,389.5,8.0408
BOBOA_90E_15N,14.995,89.935,3/26/2015,382.8,385.7,8.048
BOBOA_90E_15N,14.995,89.935,3/27/2015,382.2,385.1,8.0471
BOBOA_90E_15N,14.995,89.935,3/27/2015,383.6,386.8,8.0495
BOBOA_90E_15N,14.995,89.935,3/27/2015,390.6,393.9,8.0435
BOBOA_90E_15N,14.995,89.935,3/27/2015,396.3,399.9,8.0416
BOBOA_90E_15N,14.995,89.935,3/27/2015,393.2,396.5,8.0416
BOBOA_90E_15N,14.995,89.935,3/27/2015,390.8,394,8.0416
BOBOA_90E_15N,14.995,89.935,3/27/2015,389.6,392.7,8.0412
BOBOA_90E_15N,14.995,89.935,3/27/2015,390,393.1,8.0461
BOBOA_90E_15N,14.995,89.935,3/28/2015,389.7,392.8,8.0405
BOBOA_90E_15N,14.995,89.935,3/28/2015,392,395.3,8.0383
BOBOA_90E_15N,14.995,89.935,3/28/2015,401.5,405,8.038
BOBOA_90E_15N,14.995,89.935,3/28/2015,402.8,406.5,8.0392
BOBOA_90E_15N,14.995,89.935,3/28/2015,399,402.4,8.0335
BOBOA_90E_15N,14.995,89.935,3/28/2015,395.3,398.6,8.0366
BOBOA_90E_15N,14.995,89.935,3/28/2015,394.2,397.4,8.0398
BOBOA_90E_15N,14.995,89.935,3/28/2015,392.6,395.8,8.0402
BOBOA_90E_15N,14.995,89.935,3/29/2015,390.3,393.3,8.0404
BOBOA_90E_15N,14.995,89.935,3/29/2015,392,395.3,8.0372
BOBOA_90E_15N,14.995,89.935,3/29/2015,398.9,402.4,8.0309
BOBOA_90E_15N,14.995,89.935,3/29/2015,403.5,407.2,8.0286
BOBOA_90E_15N,14.995,89.935,3/29/2015,401.4,404.9,8.0351
BOBOA_90E_15N,14.995,89.935,3/29/2015,397.9,401.3,8.0383
BOBOA_90E_15N,14.995,89.935,3/29/2015,397,400.3,8.038
BOBOA_90E_15N,14.995,89.935,3/29/2015,397.1,400.4,8.031
BOBOA_90E_15N,14.995,89.935,3/30/2015,393.7,396.9,8.0355
BOBOA_90E_15N,14.995,89.935,3/30/2015,395.3,398.8,8.0407
BOBOA_90E_15N,14.995,89.935,3/30/2015,403.2,406.8,8.0376
BOBOA_90E_15N,14.995,89.935,3/30/2015,415.8,419.9,8.0251
BOBOA_90E_15N,14.995,89.935,3/30/2015,405.9,409.4,8.0373
BOBOA_90E_15N,14.995,89.935,3/30/2015,400.5,403.8,8.0339
BOBOA_90E_15N,14.995,89.935,3/30/2015,396.9,400.2,8.0367
BOBOA_90E_15N,14.995,89.935,3/30/2015,398,401.3,8.0358
BOBOA_90E_15N,14.995,89.935,3/31/2015,395.1,398.3,8.0398
BOBOA_90E_15N,14.995,89.935,3/31/2015,395.8,399.5,8.0393
BOBOA_90E_15N,14.995,89.935,3/31/2015,403.9,407.4,8.0336
BOBOA_90E_15N,14.995,89.935,3/31/2015,415,418.9,8.0252
BOBOA_90E_15N,14.995,89.935,3/31/2015,408.5,412,8.0273
BOBOA_90E_15N,14.995,89.935,3/31/2015,402.9,406.1,8.0348
BOBOA_90E_15N,14.995,89.935,3/31/2015,400.5,403.7,8.0323
BOBOA_90E_15N,14.995,89.935,3/31/2015,398.2,401.4,8.0338
BOBOA_90E_15N,14.995,89.935,4/1/2015,397.3,400.5,8.0331
BOBOA_90E_15N,14.995,89.935,4/1/2015,404.6,408.5,8.0296
BOBOA_90E_15N,14.995,89.935,4/1/2015,431.5,435.3,8.0296
BOBOA_90E_15N,14.995,89.935,4/1/2015,434.6,438.9,8.0288
BOBOA_90E_15N,14.995,89.935,4/1/2015,418.2,422,8.0191
BOBOA_90E_15N,14.995,89.935,4/1/2015,405,408.5,8.0258
BOBOA_90E_15N,14.995,89.935,4/1/2015,401.5,404.9,8.0324
BOBOA_90E_15N,14.995,89.935,4/1/2015,399.7,403.1,8.0352
BOBOA_90E_15N,14.995,89.935,4/2/2015,401.4,404.9,8.0303
BOBOA_90E_15N,14.995,89.935,4/2/2015,402.2,405.9,8.0308
BOBOA_90E_15N,14.995,89.935,4/2/2015,414.8,418.5,8.0302
BOBOA_90E_15N,14.995,89.935,4/2/2015,417.2,421.2,8.0257
BOBOA_90E_15N,14.995,89.935,4/2/2015,410.9,414.6,8.0252
BOBOA_90E_15N,14.995,89.935,4/2/2015,406.9,410.4,8.0308
BOBOA_90E_15N,14.995,89.935,4/2/2015,407.7,411.2,8.0336
BOBOA_90E_15N,14.995,89.935,4/2/2015,404.1,407.5,8.0297
BOBOA_90E_15N,14.995,89.935,4/3/2015,400.2,403.5,8.0356
BOBOA_90E_15N,14.995,89.935,4/3/2015,399,402.6,8.0341
BOBOA_90E_15N,14.995,89.935,4/3/2015,409,412.7,8.027
BOBOA_90E_15N,14.995,89.935,4/3/2015,412.6,416.6,8.0274
BOBOA_90E_15N,14.995,89.935,4/3/2015,407.3,410.9,8.0314
BOBOA_90E_15N,14.995,89.935,4/3/2015,403.1,406.6,8.0368
BOBOA_90E_15N,14.995,89.935,4/3/2015,402.8,406.2,8.0336
BOBOA_90E_15N,14.995,89.935,4/3/2015,401.7,405.1,8.0335
BOBOA_90E_15N,14.995,89.935,4/4/2015,400.4,403.8,8.0422
BOBOA_90E_15N,14.995,89.935,4/4/2015,398.5,402,8.0336
BOBOA_90E_15N,14.995,89.935,4/4/2015,411.7,415.4,8.0313
BOBOA_90E_15N,14.995,89.935,4/4/2015,415.5,419.6,8.0218
BOBOA_90E_15N,14.995,89.935,4/4/2015,412.1,415.7,8.0271
BOBOA_90E_15N,14.995,89.935,4/4/2015,407.9,411.4,8.0298
BOBOA_90E_15N,14.995,89.935,4/4/2015,407.6,411.2,8.0355
BOBOA_90E_15N,14.995,89.935,4/4/2015,404.4,407.8,8.0302
BOBOA_90E_15N,14.995,89.935,4/5/2015,401.2,404.6,8.0275
BOBOA_90E_15N,14.995,89.935,4/5/2015,403.8,407.5,8.0347
BOBOA_90E_15N,14.995,89.935,4/5/2015,421.5,425.4,8.0285
BOBOA_90E_15N,14.995,89.935,4/5/2015,426.7,431.1,8.02
BOBOA_90E_15N,14.995,89.935,4/5/2015,415.6,419.4,8.0303
BOBOA_90E_15N,14.995,89.935,4/5/2015,407.2,410.9,8.0303
BOBOA_90E_15N,14.995,89.935,4/5/2015,404.5,408.1,8.0332
BOBOA_90E_15N,14.995,89.935,4/5/2015,403.3,406.8,8.0354
BOBOA_90E_15N,14.995,89.935,4/6/2015,400.7,404.1,8.0376
BOBOA_90E_15N,14.995,89.935,4/6/2015,402.4,406.2,8.0313
BOBOA_90E_15N,14.995,89.935,4/6/2015,414.5,418.4,8.0323
BOBOA_90E_15N,14.995,89.935,4/6/2015,416.5,420.7,8.0172
BOBOA_90E_15N,14.995,89.935,4/6/2015,410.8,414.6,8.0272
BOBOA_90E_15N,14.995,89.935,4/6/2015,406.1,409.6,8.0267
BOBOA_90E_15N,14.995,89.935,4/6/2015,405.2,408.6,8.0353
BOBOA_90E_15N,14.995,89.935,4/6/2015,402.9,406.2,8.0266
BOBOA_90E_15N,14.995,89.935,4/7/2015,402.2,405.6,8.0249
BOBOA_90E_15N,14.995,89.935,4/7/2015,407.9,411.7,8.0339
BOBOA_90E_15N,14.995,89.935,4/7/2015,430.3,434.4,8.032
BOBOA_90E_15N,14.995,89.935,4/7/2015,435.5,439.8,8.0133
BOBOA_90E_15N,14.995,89.935,4/7/2015,415.7,419.6,8.0188
BOBOA_90E_15N,14.995,89.935,4/7/2015,409.3,412.9,8.0236
BOBOA_90E_15N,14.995,89.935,4/7/2015,406.9,410.5,8.0335
BOBOA_90E_15N,14.995,89.935,4/7/2015,403.8,407.3,8.0259
BOBOA_90E_15N,14.995,89.935,4/8/2015,403.4,406.8,8.0333
BOBOA_90E_15N,14.995,89.935,4/8/2015,407.4,411.2,8.0294
BOBOA_90E_15N,14.995,89.935,4/8/2015,411.9,415.8,8.0251
BOBOA_90E_15N,14.995,89.935,4/8/2015,413.2,417.3,8.0209
BOBOA_90E_15N,14.995,89.935,4/8/2015,410.2,413.9,8.0209
BOBOA_90E_15N,14.995,89.935,4/8/2015,405.1,408.6,8.0338
BOBOA_90E_15N,14.995,89.935,4/8/2015,404.2,407.7,8.0282
BOBOA_90E_15N,14.995,89.935,4/8/2015,404.4,407.7,8.0319
BOBOA_90E_15N,14.995,89.935,4/9/2015,403.4,406.7,8.0323
BOBOA_90E_15N,14.995,89.935,4/9/2015,410.1,414,8.0276
BOBOA_90E_15N,14.995,89.935,4/9/2015,433.5,437.9,8.0272
BOBOA_90E_15N,14.995,89.935,4/9/2015,424.7,429,8.0143
BOBOA_90E_15N,14.995,89.935,4/9/2015,414.4,418.3,8.0262
BOBOA_90E_15N,14.995,89.935,4/9/2015,409.5,413.3,8.0263
BOBOA_90E_15N,14.995,89.935,4/9/2015,406.5,410,8.0304
BOBOA_90E_15N,14.995,89.935,4/9/2015,407.5,410.9,8.0209
BOBOA_90E_15N,14.995,89.935,4/10/2015,405.9,409.4,8.0317
BOBOA_90E_15N,14.995,89.935,4/10/2015,410.1,413.8,8.0307
BOBOA_90E_15N,14.995,89.935,4/10/2015,435.7,439.8,8.0274
BOBOA_90E_15N,14.995,89.935,4/10/2015,434.8,439.3,8.0165
BOBOA_90E_15N,14.995,89.935,4/10/2015,412.6,416.4,8.0239
BOBOA_90E_15N,14.995,89.935,4/10/2015,407.5,411.1,8.0306
BOBOA_90E_15N,14.995,89.935,4/10/2015,407.2,410.8,8.0239
BOBOA_90E_15N,14.995,89.935,4/10/2015,406.6,410,8.0297
BOBOA_90E_15N,14.995,89.935,4/11/2015,406.4,409.9,8.0301
BOBOA_90E_15N,14.995,89.935,4/11/2015,410.1,413.9,8.0306
BOBOA_90E_15N,14.995,89.935,4/11/2015,431.1,435.2,8.0219
BOBOA_90E_15N,14.995,89.935,4/11/2015,428,432.4,8.0134
BOBOA_90E_15N,14.995,89.935,4/11/2015,429.8,433.9,8.0156
BOBOA_90E_15N,14.995,89.935,4/11/2015,420.5,424.2,8.0179
BOBOA_90E_15N,14.995,89.935,4/11/2015,408.9,412.5,8.0239
BOBOA_90E_15N,14.995,89.935,4/11/2015,408.1,411.6,8.0248
BOBOA_90E_15N,14.995,89.935,4/12/2015,409.4,413,8.0276
BOBOA_90E_15N,14.995,89.935,4/12/2015,411.5,415.7,8.0227
BOBOA_90E_15N,14.995,89.935,4/12/2015,432.3,436.7,8.0313
BOBOA_90E_15N,14.995,89.935,4/12/2015,442.6,447.4,8.0231
BOBOA_90E_15N,14.995,89.935,4/12/2015,434.1,438.3,8.0104
BOBOA_90E_15N,14.995,89.935,4/12/2015,412.7,416.6,8.0213
BOBOA_90E_15N,14.995,89.935,4/12/2015,412.7,416.6,8.0247
BOBOA_90E_15N,14.995,89.935,4/12/2015,414,417.8,8.0204
BOBOA_90E_15N,14.995,89.935,4/13/2015,411.5,415.4,8.0263
BOBOA_90E_15N,14.995,89.935,4/13/2015,406.4,410.4,8.027
BOBOA_90E_15N,14.995,89.935,4/13/2015,412.3,416.5,8.0163
BOBOA_90E_15N,14.995,89.935,4/13/2015,415.2,419.7,8.0181
BOBOA_90E_15N,14.995,89.935,4/13/2015,415.1,419.1,8.0266
BOBOA_90E_15N,14.995,89.935,4/13/2015,413.8,417.7,8.0147
BOBOA_90E_15N,14.995,89.935,4/13/2015,412.6,416.4,8.0254
BOBOA_90E_15N,14.995,89.935,4/13/2015,411.9,415.8,8.0239
BOBOA_90E_15N,14.995,89.935,4/14/2015,408,411.8,8.023
BOBOA_90E_15N,14.995,89.935,4/14/2015,407.7,411.7,8.0211
BOBOA_90E_15N,14.995,89.935,4/14/2015,411.3,415.5,8.0237
BOBOA_90E_15N,14.995,89.935,4/14/2015,413.8,418.3,8.0335
BOBOA_90E_15N,14.995,89.935,4/14/2015,411.3,415.3,8.0272
BOBOA_90E_15N,14.995,89.935,4/14/2015,408.6,412.5,8.033
BOBOA_90E_15N,14.995,89.935,4/14/2015,409.1,412.9,8.0248
BOBOA_90E_15N,14.995,89.935,4/14/2015,408,411.8,8.0327
BOBOA_90E_15N,14.995,89.935,4/15/2015,406.5,410.3,8.0244
BOBOA_90E_15N,14.995,89.935,4/15/2015,407.5,411.5,8.0326
BOBOA_90E_15N,14.995,89.935,4/15/2015,416.4,420.7,8.0232
BOBOA_90E_15N,14.995,89.935,4/15/2015,414.8,419,8.0258
BOBOA_90E_15N,14.995,89.935,4/15/2015,411.6,415.6,8.0184
BOBOA_90E_15N,14.995,89.935,4/15/2015,408.7,412.6,-999
BOBOA_90E_15N,14.995,89.935,4/15/2015,408.6,412.5,8.0234
BOBOA_90E_15N,14.995,89.935,4/15/2015,408.7,412.5,8.0274
BOBOA_90E_15N,14.995,89.935,4/16/2015,407.6,411.4,8.0208
BOBOA_90E_15N,14.995,89.935,4/16/2015,405,408.2,8.0342
BOBOA_90E_15N,14.995,89.935,4/16/2015,406.5,410,8.0205
BOBOA_90E_15N,14.995,89.935,4/16/2015,407.2,411.1,8.0244
BOBOA_90E_15N,14.995,89.935,4/16/2015,407.1,410.8,8.0879
BOBOA_90E_15N,14.995,89.935,4/16/2015,405,408.4,8.027
BOBOA_90E_15N,14.995,89.935,4/16/2015,405.2,408.7,8.0311
BOBOA_90E_15N,14.995,89.935,4/16/2015,406.4,409.9,8.0278
BOBOA_90E_15N,14.995,89.935,4/17/2015,406.1,409.6,8.0253
BOBOA_90E_15N,14.995,89.935,4/17/2015,407.1,411,8.0288
BOBOA_90E_15N,14.995,89.935,4/17/2015,416.1,420.3,8.0186
BOBOA_90E_15N,14.995,89.935,4/17/2015,430.3,435,8.0133
BOBOA_90E_15N,14.995,89.935,4/17/2015,421.8,426,8.0187
BOBOA_90E_15N,14.995,89.935,4/17/2015,413.5,417.5,8.0217
BOBOA_90E_15N,14.995,89.935,4/17/2015,414.1,418.1,8.0252
BOBOA_90E_15N,14.995,89.935,4/17/2015,414.6,418.6,8.0272
BOBOA_90E_15N,14.995,89.935,4/18/2015,413.1,417.1,8.0219
BOBOA_90E_15N,14.995,89.935,4/18/2015,414.8,419.3,8.0208
BOBOA_90E_15N,14.995,89.935,4/18/2015,422.8,427.4,8.0183
BOBOA_90E_15N,14.995,89.935,4/18/2015,414.5,418.7,8.0215
BOBOA_90E_15N,14.995,89.935,4/18/2015,412.1,416.1,8.0233
BOBOA_90E_15N,14.995,89.935,4/18/2015,409.8,413.8,8.0233
BOBOA_90E_15N,14.995,89.935,4/18/2015,410.3,414.2,8.0332
BOBOA_90E_15N,14.995,89.935,4/18/2015,411.2,415.1,8.0339
BOBOA_90E_15N,14.995,89.935,4/19/2015,409.7,413.6,8.0241
BOBOA_90E_15N,14.995,89.935,4/19/2015,414.1,418.6,8.022
BOBOA_90E_15N,14.995,89.935,4/19/2015,439.7,444.6,8.0244
BOBOA_90E_15N,14.995,89.935,4/19/2015,435.4,440.7,8.0249
BOBOA_90E_15N,14.995,89.935,4/19/2015,424.7,429.3,8.0178
BOBOA_90E_15N,14.995,89.935,4/19/2015,416,420.4,8.0232
BOBOA_90E_15N,14.995,89.935,4/19/2015,411.6,415.8,8.0238
BOBOA_90E_15N,14.995,89.935,4/19/2015,411.8,416,8.0276
BOBOA_90E_15N,14.995,89.935,4/20/2015,411.8,416.1,8.0236
BOBOA_90E_15N,14.995,89.935,4/20/2015,418,422.6,8.0239
BOBOA_90E_15N,14.995,89.935,4/20/2015,443.2,448.6,8.0194
BOBOA_90E_15N,14.995,89.935,4/20/2015,433.1,438.7,8.0161
BOBOA_90E_15N,14.995,89.935,4/20/2015,440.7,445.9,8.0184
BOBOA_90E_15N,14.995,89.935,4/20/2015,429.2,433.9,8.0067
BOBOA_90E_15N,14.995,89.935,4/20/2015,417.6,422.3,8.0141
BOBOA_90E_15N,14.995,89.935,4/20/2015,414.3,418.7,8.0307
BOBOA_90E_15N,14.995,89.935,4/21/2015,411.8,416.2,8.0253
BOBOA_90E_15N,14.995,89.935,4/21/2015,413.2,418,8.0286
BOBOA_90E_15N,14.995,89.935,4/21/2015,423.6,428.5,8.0263
BOBOA_90E_15N,14.995,89.935,4/21/2015,425.1,430.3,8.0141
BOBOA_90E_15N,14.995,89.935,4/21/2015,418.6,423.1,8.0192
BOBOA_90E_15N,14.995,89.935,4/21/2015,415.1,419.5,8.0194
BOBOA_90E_15N,14.995,89.935,4/21/2015,415,419.3,8.021
BOBOA_90E_15N,14.995,89.935,4/21/2015,415.2,419.4,8.023
BOBOA_90E_15N,14.995,89.935,4/22/2015,413.7,417.9,8.025
BOBOA_90E_15N,14.995,89.935,4/22/2015,413.9,418.4,8.0185
BOBOA_90E_15N,14.995,89.935,4/22/2015,424.1,428.9,8.0119
BOBOA_90E_15N,14.995,89.935,4/22/2015,434.5,439.7,8.011
BOBOA_90E_15N,14.995,89.935,4/22/2015,428.9,433.5,8.0104
BOBOA_90E_15N,14.995,89.935,4/22/2015,420.3,424.9,8.0127
BOBOA_90E_15N,14.995,89.935,4/22/2015,416.9,421.4,8.0197
BOBOA_90E_15N,14.995,89.935,4/22/2015,414.6,418.9,8.0214
BOBOA_90E_15N,14.995,89.935,4/23/2015,412.6,416.7,8.0251
BOBOA_90E_15N,14.995,89.935,4/23/2015,412.8,417.3,8.0167
BOBOA_90E_15N,14.995,89.935,4/23/2015,426.8,431.7,8.0136
BOBOA_90E_15N,14.995,89.935,4/23/2015,435.2,440.5,8.015
BOBOA_90E_15N,14.995,89.935,4/23/2015,427.9,432.5,8.0093
BOBOA_90E_15N,14.995,89.935,4/23/2015,419.6,424.2,8.0203
BOBOA_90E_15N,14.995,89.935,4/23/2015,416.2,420.6,8.0159
BOBOA_90E_15N,14.995,89.935,4/23/2015,414.7,419,8.0247
BOBOA_90E_15N,14.995,89.935,4/24/2015,413.8,418.2,8.0224
BOBOA_90E_15N,14.995,89.935,4/24/2015,413.5,418.2,8.024
BOBOA_90E_15N,14.995,89.935,4/24/2015,421.6,426.5,8.0154
BOBOA_90E_15N,14.995,89.935,4/24/2015,438.5,443.8,8.0073
BOBOA_90E_15N,14.995,89.935,4/24/2015,432.4,437.2,8.0086
BOBOA_90E_15N,14.995,89.935,4/24/2015,426.4,431,8.0131
BOBOA_90E_15N,14.995,89.935,4/24/2015,421.1,425.5,8.0246
BOBOA_90E_15N,14.995,89.935,4/24/2015,418.3,422.6,8.0164
BOBOA_90E_15N,14.995,89.935,4/25/2015,415.2,419.5,8.0219
BOBOA_90E_15N,14.995,89.935,4/25/2015,416.7,421.4,8.0179
BOBOA_90E_15N,14.995,89.935,4/25/2015,423.9,428.8,8.0135
BOBOA_90E_15N,14.995,89.935,4/25/2015,431.7,436.8,8.0065
BOBOA_90E_15N,14.995,89.935,4/25/2015,426.2,430.8,8.009
BOBOA_90E_15N,14.995,89.935,4/25/2015,419.4,424,8.0126
BOBOA_90E_15N,14.995,89.935,4/25/2015,417.7,422,8.0117
BOBOA_90E_15N,14.995,89.935,4/25/2015,418,422.3,8.0189
BOBOA_90E_15N,14.995,89.935,4/26/2015,416.5,420.8,8.0215
BOBOA_90E_15N,14.995,89.935,4/26/2015,420.3,425,8.021
BOBOA_90E_15N,14.995,89.935,4/26/2015,438.3,443.6,8.0114
BOBOA_90E_15N,14.995,89.935,4/26/2015,444.9,450.1,7.9971
BOBOA_90E_15N,14.995,89.935,4/26/2015,432.6,437.6,8.0057
BOBOA_90E_15N,14.995,89.935,4/26/2015,419.3,423.9,8.0144
BOBOA_90E_15N,14.995,89.935,4/26/2015,416.8,421.3,8.0217
BOBOA_90E_15N,14.995,89.935,4/26/2015,416.8,421.3,8.0161
BOBOA_90E_15N,14.995,89.935,4/27/2015,415.8,420.4,8.016
BOBOA_90E_15N,14.995,89.935,4/27/2015,424.5,429.3,8.0142
BOBOA_90E_15N,14.995,89.935,4/27/2015,442.3,447.4,8.0101
BOBOA_90E_15N,14.995,89.935,4/27/2015,453.5,459.6,8.0088
BOBOA_90E_15N,14.995,89.935,4/27/2015,441.5,446.9,8.0111
BOBOA_90E_15N,14.995,89.935,4/27/2015,438.4,443.4,7.9967
BOBOA_90E_15N,14.995,89.935,4/27/2015,-999,-999,-999
BOBOA_90E_15N,14.995,89.935,4/27/2015,425.4,430.3,-999
BOBOA_90E_15N,14.995,89.935,4/28/2015,420,424.9,-999
BOBOA_90E_15N,14.995,89.935,4/28/2015,429,434.4,-999
BOBOA_90E_15N,14.995,89.935,4/28/2015,445,450.6,-999
BOBOA_90E_15N,14.995,89.935,4/28/2015,453.6,459.8,-999
BOBOA_90E_15N,14.995,89.935,4/28/2015,448,453.4,-999
BOBOA_90E_15N,14.995,89.935,4/28/2015,436.6,441.8,-999
BOBOA_90E_15N,14.995,89.935,4/28/2015,431.4,436.4,8.0131
BOBOA_90E_15N,14.995,89.935,4/28/2015,427,431.9,8.0072
BOBOA_90E_15N,14.995,89.935,4/29/2015,425.4,430.3,8.0167
BOBOA_90E_15N,14.995,89.935,4/29/2015,423.9,429.3,8.0122
BOBOA_90E_15N,14.995,89.935,4/29/2015,428,433.3,8.0163
BOBOA_90E_15N,14.995,89.935,4/29/2015,427.3,432.8,8.0099
BOBOA_90E_15N,14.995,89.935,4/29/2015,425.2,430.2,8.0076
BOBOA_90E_15N,14.995,89.935,4/29/2015,421.7,426.5,8.0125
BOBOA_90E_15N,14.995,89.935,4/29/2015,421.7,426.4,8.019
BOBOA_90E_15N,14.995,89.935,4/29/2015,422.8,427.5,8.0198
BOBOA_90E_15N,14.995,89.935,4/30/2015,422,426.6,8.0181
BOBOA_90E_15N,14.995,89.935,4/30/2015,421,426,8.0136
BOBOA_90E_15N,14.995,89.935,4/30/2015,427.9,433.2,8.0145
BOBOA_90E_15N,14.995,89.935,4/30/2015,433.9,439.4,8.0118
BOBOA_90E_15N,14.995,89.935,4/30/2015,431.8,436.8,8.0103
BOBOA_90E_15N,14.995,89.935,4/30/2015,427.3,432.3,8.0117
BOBOA_90E_15N,14.995,89.935,4/30/2015,426.5,431.3,8.0121
BOBOA_90E_15N,14.995,89.935,4/30/2015,425.4,430.2,8.0081
BOBOA_90E_15N,14.995,89.935,5/1/2015,424.5,429.3,8.011
BOBOA_90E_15N,14.995,89.935,5/1/2015,425.2,430.4,8.0178
BOBOA_90E_15N,14.995,89.935,5/1/2015,431.8,437.3,8.0099
BOBOA_90E_15N,14.995,89.935,5/1/2015,433.4,439,8.0085
BOBOA_90E_15N,14.995,89.935,5/1/2015,432.3,437.4,8.0075
BOBOA_90E_15N,14.995,89.935,5/1/2015,427.4,432.4,8.0081
BOBOA_90E_15N,14.995,89.935,5/1/2015,425.5,430.4,8.0212
BOBOA_90E_15N,14.995,89.935,5/1/2015,425.7,430.4,8.011
BOBOA_90E_15N,14.995,89.935,5/2/2015,428.8,433.5,8.0101
BOBOA_90E_15N,14.995,89.935,5/2/2015,432.2,437.5,8.0071
BOBOA_90E_15N,14.995,89.935,5/2/2015,437.6,443.3,8.0021
BOBOA_90E_15N,14.995,89.935,5/2/2015,443.4,449.3,7.9976
BOBOA_90E_15N,14.995,89.935,5/2/2015,435.1,440.3,8.0054
BOBOA_90E_15N,14.995,89.935,5/2/2015,431,436,8.0162
BOBOA_90E_15N,14.995,89.935,5/2/2015,429.6,434.6,8.0114
BOBOA_90E_15N,14.995,89.935,5/2/2015,427.1,432,8.009
BOBOA_90E_15N,14.995,89.935,5/3/2015,425.5,430.3,8.0111
BOBOA_90E_15N,14.995,89.935,5/3/2015,428.7,434,8.0015
BOBOA_90E_15N,14.995,89.935,5/3/2015,438.7,444.3,8.0037
BOBOA_90E_15N,14.995,89.935,5/3/2015,446.1,452.1,8.0019
BOBOA_90E_15N,14.995,89.935,5/3/2015,439.2,444.5,7.9948
BOBOA_90E_15N,14.995,89.935,5/3/2015,433.4,438.6,8.002
BOBOA_90E_15N,14.995,89.935,5/3/2015,430.8,435.9,8.0073
BOBOA_90E_15N,14.995,89.935,5/3/2015,429.6,434.6,8.0105
BOBOA_90E_15N,14.995,89.935,5/4/2015,428.1,433.1,8.0128
BOBOA_90E_15N,14.995,89.935,5/4/2015,429.2,434.7,8.0124
BOBOA_90E_15N,14.995,89.935,5/4/2015,440.1,446,8.0065
BOBOA_90E_15N,14.995,89.935,5/4/2015,448.7,454.8,7.9977
BOBOA_90E_15N,14.995,89.935,5/4/2015,443.2,448.7,7.997
BOBOA_90E_15N,14.995,89.935,5/4/2015,431.9,437.1,8.0046
BOBOA_90E_15N,14.995,89.935,5/4/2015,432,437.2,8.0063
BOBOA_90E_15N,14.995,89.935,5/4/2015,429.4,434.4,8.0048
BOBOA_90E_15N,14.995,89.935,5/5/2015,429.4,434.3,8.0094
BOBOA_90E_15N,14.995,89.935,5/5/2015,433,438.5,8.0068
BOBOA_90E_15N,14.995,89.935,5/5/2015,454.4,460.3,8.0079
BOBOA_90E_15N,14.995,89.935,5/5/2015,459.6,466.1,8.0028
BOBOA_90E_15N,14.995,89.935,5/5/2015,440.1,445.6,7.9991
BOBOA_90E_15N,14.995,89.935,5/5/2015,433.5,438.8,8.0073
BOBOA_90E_15N,14.995,89.935,5/5/2015,431.1,436.5,8.0036
BOBOA_90E_15N,14.995,89.935,5/5/2015,430.6,435.8,8.0098
BOBOA_90E_15N,14.995,89.935,5/6/2015,430.1,435.3,8.0032
BOBOA_90E_15N,14.995,89.935,5/6/2015,432,437.8,8.0093
BOBOA_90E_15N,14.995,89.935,5/6/2015,449.9,456.1,7.9989
BOBOA_90E_15N,14.995,89.935,5/6/2015,463.3,470.2,7.9951
BOBOA_90E_15N,14.995,89.935,5/6/2015,455.2,461,7.9831
BOBOA_90E_15N,14.995,89.935,5/6/2015,444,449.6,7.9945
BOBOA_90E_15N,14.995,89.935,5/6/2015,437.5,443,8.0061
BOBOA_90E_15N,14.995,89.935,5/6/2015,440.7,446.2,8.0014
BOBOA_90E_15N,14.995,89.935,5/7/2015,432.6,438.1,8.0101
BOBOA_90E_15N,14.995,89.935,5/7/2015,440.3,446.5,8.0085
BOBOA_90E_15N,14.995,89.935,5/7/2015,469.9,476.8,7.9968
BOBOA_90E_15N,14.995,89.935,5/7/2015,472,479.1,8.0011
BOBOA_90E_15N,14.995,89.935,5/7/2015,461.2,467.4,7.9871
BOBOA_90E_15N,14.995,89.935,5/7/2015,452,457.9,7.9937
BOBOA_90E_15N,14.995,89.935,5/7/2015,438.4,444.1,8.0053
BOBOA_90E_15N,14.995,89.935,5/7/2015,436.1,441.7,7.9986
BOBOA_90E_15N,14.995,89.935,5/8/2015,436.8,442.6,7.9976
BOBOA_90E_15N,14.995,89.935,5/8/2015,437.4,443.5,8.0062
BOBOA_90E_15N,14.995,89.935,5/8/2015,452.8,459.5,7.9995
BOBOA_90E_15N,14.995,89.935,5/8/2015,463.1,470.1,7.9921
BOBOA_90E_15N,14.995,89.935,5/8/2015,447.3,453.3,7.9875
BOBOA_90E_15N,14.995,89.935,5/8/2015,439.6,445.4,7.9977
BOBOA_90E_15N,14.995,89.935,5/8/2015,436.1,441.8,7.9998
BOBOA_90E_15N,14.995,89.935,5/8/2015,-999,-999,7.9979
BOBOA_90E_15N,14.995,89.935,5/9/2015,432.6,438,8.0099
BOBOA_90E_15N,14.995,89.935,5/9/2015,436.6,442.6,8.0076
BOBOA_90E_15N,14.995,89.935,5/9/2015,452.9,459.7,8.0058
BOBOA_90E_15N,14.995,89.935,5/9/2015,454.6,461.5,7.9915
BOBOA_90E_15N,14.995,89.935,5/9/2015,447.1,453.3,7.988
BOBOA_90E_15N,14.995,89.935,5/9/2015,439.5,445.4,8.0001
BOBOA_90E_15N,14.995,89.935,5/9/2015,437.3,443.1,8.0082
BOBOA_90E_15N,14.995,89.935,5/9/2015,438.6,444.3,8.0072
BOBOA_90E_15N,14.995,89.935,5/10/2015,434.6,440.2,8.0079
BOBOA_90E_15N,14.995,89.935,5/10/2015,435.8,441.9,8.0066
BOBOA_90E_15N,14.995,89.935,5/10/2015,450.1,456.7,8.0029
BOBOA_90E_15N,14.995,89.935,5/10/2015,457.4,464.3,7.9999
BOBOA_90E_15N,14.995,89.935,5/10/2015,449.4,455.6,7.9878
BOBOA_90E_15N,14.995,89.935,5/10/2015,443.2,449.1,8.0014
BOBOA_90E_15N,14.995,89.935,5/10/2015,441.5,447.3,7.9996
BOBOA_90E_15N,14.995,89.935,5/10/2015,441.6,447.3,8.0057
BOBOA_90E_15N,14.995,89.935,5/11/2015,439.8,445.5,8.0021
BOBOA_90E_15N,14.995,89.935,5/11/2015,445.1,451.4,8.0034
BOBOA_90E_15N,14.995,89.935,5/11/2015,479.9,487.3,7.9896
BOBOA_90E_15N,14.995,89.935,5/11/2015,481.4,489.1,7.9889
BOBOA_90E_15N,14.995,89.935,5/11/2015,464.6,471.2,7.9818
BOBOA_90E_15N,14.995,89.935,5/11/2015,448.2,454.5,7.9896
BOBOA_90E_15N,14.995,89.935,5/11/2015,439.9,446.1,7.9984
BOBOA_90E_15N,14.995,89.935,5/11/2015,438.3,444.2,8.0073
BOBOA_90E_15N,14.995,89.935,5/12/2015,436.4,442.2,7.9987
BOBOA_90E_15N,14.995,89.935,5/12/2015,434.9,440.8,8.0112
BOBOA_90E_15N,14.995,89.935,5/12/2015,446,452.6,8.0031
BOBOA_90E_15N,14.995,89.935,5/12/2015,455.6,462.5,7.997
BOBOA_90E_15N,14.995,89.935,5/12/2015,448.2,454.3,8.0002
BOBOA_90E_15N,14.995,89.935,5/12/2015,441,447,7.9899
BOBOA_90E_15N,14.995,89.935,5/12/2015,437.5,443.3,8.0017
BOBOA_90E_15N,14.995,89.935,5/12/2015,438.1,443.9,7.9968
BOBOA_90E_15N,14.995,89.935,5/13/2015,435.3,441,8.0052
BOBOA_90E_15N,14.995,89.935,5/13/2015,437.6,443.8,8.0064
BOBOA_90E_15N,14.995,89.935,5/13/2015,451.6,458.5,7.9964
BOBOA_90E_15N,14.995,89.935,5/13/2015,463.1,470.4,7.9895
BOBOA_90E_15N,14.995,89.935,5/13/2015,458.1,464.6,7.9844
BOBOA_90E_15N,14.995,89.935,5/13/2015,452.5,458.9,7.9859
BOBOA_90E_15N,14.995,89.935,5/13/2015,440.4,446.5,8.0002
BOBOA_90E_15N,14.995,89.935,5/13/2015,438.9,444.9,7.9954
BOBOA_90E_15N,14.995,89.935,5/14/2015,438.4,444.4,8.001
BOBOA_90E_15N,14.995,89.935,5/14/2015,441.6,448.1,8.0027
BOBOA_90E_15N,14.995,89.935,5/14/2015,450.9,457.8,7.9941
BOBOA_90E_15N,14.995,89.935,5/14/2015,453.7,460.7,7.9788
BOBOA_90E_15N,14.995,89.935,5/14/2015,447,453.3,7.9993
BOBOA_90E_15N,14.995,89.935,5/14/2015,438.8,444.8,8.0004
BOBOA_90E_15N,14.995,89.935,5/14/2015,438.3,444.2,7.9995
BOBOA_90E_15N,14.995,89.935,5/14/2015,438.3,443.9,7.9977
BOBOA_90E_15N,14.995,89.935,5/15/2015,438.2,444,8.0095
BOBOA_90E_15N,14.995,89.935,5/15/2015,438.8,444.8,7.9948
BOBOA_90E_15N,14.995,89.935,5/15/2015,464.9,472.1,7.9923
BOBOA_90E_15N,14.995,89.935,5/15/2015,454.2,459.7,7.993
BOBOA_90E_15N,14.995,89.935,5/15/2015,451.4,458.1,7.9889
BOBOA_90E_15N,14.995,89.935,5/15/2015,442.7,448.8,8.0067
BOBOA_90E_15N,14.995,89.935,5/15/2015,431.2,436.2,8.0055
BOBOA_90E_15N,14.995,89.935,5/15/2015,430.7,435.6,8.004
BOBOA_90E_15N,14.995,89.935,5/16/2015,429,434.6,8.0046
BOBOA_90E_15N,14.995,89.935,5/16/2015,432.9,439,8.0077
BOBOA_90E_15N,14.995,89.935,5/16/2015,444.6,450.9,7.9991
BOBOA_90E_15N,14.995,89.935,5/16/2015,439.5,445.5,7.9948
BOBOA_90E_15N,14.995,89.935,5/16/2015,435.1,440.8,8.0064
BOBOA_90E_15N,14.995,89.935,5/16/2015,431.9,437.3,-999
BOBOA_90E_15N,14.995,89.935,5/16/2015,430.7,435.4,-999
BOBOA_90E_15N,14.995,89.935,5/16/2015,430.1,435.2,-999
BOBOA_90E_15N,14.995,89.935,5/17/2015,427.9,433,-999
BOBOA_90E_15N,14.995,89.935,5/17/2015,427.9,433.5,-999
BOBOA_90E_15N,14.995,89.935,5/17/2015,430.3,435.9,-999
BOBOA_90E_15N,14.995,89.935,5/17/2015,432.7,438.4,-999
BOBOA_90E_15N,14.995,89.935,5/17/2015,430.5,435.9,-999
BOBOA_90E_15N,14.995,89.935,5/17/2015,426.3,431.5,-999
BOBOA_90E_15N,14.995,89.935,5/17/2015,425.6,430.3,-999
BOBOA_90E_15N,14.995,89.935,5/17/2015,425.1,430.2,-999
BOBOA_90E_15N,14.995,89.935,5/18/2015,423.8,429.1,-999
BOBOA_90E_15N,14.995,89.935,5/18/2015,422.3,427.8,-999
BOBOA_90E_15N,14.995,89.935,5/18/2015,422.7,427.6,-999
BOBOA_90E_15N,14.995,89.935,5/18/2015,421.5,426.8,-999
BOBOA_90E_15N,14.995,89.935,5/18/2015,419,424.1,-999
BOBOA_90E_15N,14.995,89.935,5/18/2015,415.5,420.2,-999
BOBOA_90E_15N,14.995,89.935,5/18/2015,-999,-999,-999
BOBOA_90E_15N,14.995,89.935,5/18/2015,418.1,423.1,-999
BOBOA_90E_15N,14.995,89.935,5/19/2015,443.8,449,-999
BOBOA_90E_15N,14.995,89.935,5/19/2015,444.4,449.3,-999
BOBOA_90E_15N,14.995,89.935,5/19/2015,429.7,434.9,-999
BOBOA_90E_15N,14.995,89.935,5/19/2015,424.4,429.8,-999
BOBOA_90E_15N,14.995,89.935,5/19/2015,422.5,427.4,-999
BOBOA_90E_15N,14.995,89.935,5/19/2015,420.1,425.3,-999
BOBOA_90E_15N,14.995,89.935,5/19/2015,423.5,428.7,-999
BOBOA_90E_15N,14.995,89.935,5/19/2015,425.1,430.3,-999
BOBOA_90E_15N,14.995,89.935,5/20/2015,427.7,432.8,-999
BOBOA_90E_15N,14.995,89.935,5/20/2015,429.4,434.7,-999
BOBOA_90E_15N,14.995,89.935,5/20/2015,407,412.1,-999
BOBOA_90E_15N,14.995,89.935,5/20/2015,409.4,414.4,-999
BOBOA_90E_15N,14.995,89.935,5/20/2015,437.7,443.1,-999
BOBOA_90E_15N,14.995,89.935,5/20/2015,429.7,434.9,-999
BOBOA_90E_15N,14.995,89.935,5/20/2015,425.8,431,-999
BOBOA_90E_15N,14.995,89.935,5/20/2015,423,427.9,-999
BOBOA_90E_15N,14.995,89.935,5/21/2015,432.3,436.7,-999
BOBOA_90E_15N,14.995,89.935,5/21/2015,417.7,422.4,-999
BOBOA_90E_15N,14.995,89.935,5/21/2015,424.4,429.8,-999
BOBOA_90E_15N,14.995,89.935,5/21/2015,428.3,433.7,-999
BOBOA_90E_15N,14.995,89.935,5/21/2015,426.2,431.4,-999
BOBOA_90E_15N,14.995,89.935,5/21/2015,427.1,432.3,-999
BOBOA_90E_15N,14.995,89.935,5/21/2015,430.3,435.5,-999
BOBOA_90E_15N,14.995,89.935,5/21/2015,427.8,432.9,-999
BOBOA_90E_15N,14.995,89.935,5/22/2015,429.4,434.7,-999
BOBOA_90E_15N,14.995,89.935,5/22/2015,430.4,435.9,-999
BOBOA_90E_15N,14.995,89.935,5/22/2015,428.4,433.9,-999
BOBOA_90E_15N,14.995,89.935,5/22/2015,427.1,432.5,-999
BOBOA_90E_15N,14.995,89.935,5/22/2015,426.9,432.3,-999
BOBOA_90E_15N,14.995,89.935,5/22/2015,427.9,433.2,-999
BOBOA_90E_15N,14.995,89.935,5/22/2015,428.9,434.2,-999
BOBOA_90E_15N,14.995,89.935,5/22/2015,429.9,435.2,-999
BOBOA_90E_15N,14.995,89.935,5/23/2015,430.1,435.5,-999
BOBOA_90E_15N,14.995,89.935,5/23/2015,430.6,436.3,-999
BOBOA_90E_15N,14.995,89.935,5/23/2015,432.8,438.4,-999
BOBOA_90E_15N,14.995,89.935,5/23/2015,434,439.6,-999
BOBOA_90E_15N,14.995,89.935,5/23/2015,431.1,436.5,-999
BOBOA_90E_15N,14.995,89.935,5/23/2015,431.1,436.6,-999
BOBOA_90E_15N,14.995,89.935,5/23/2015,429.6,435,-999
BOBOA_90E_15N,14.995,89.935,5/23/2015,429.5,434.9,-999
BOBOA_90E_15N,14.995,89.935,5/24/2015,429,434.3,-999
BOBOA_90E_15N,14.995,89.935,5/24/2015,428.5,434.1,-999
BOBOA_90E_15N,14.995,89.935,5/24/2015,430.3,435.7,-999
BOBOA_90E_15N,14.995,89.935,5/24/2015,429.3,434.6,-999
BOBOA_90E_15N,14.995,89.935,5/24/2015,428.7,434,-999
BOBOA_90E_15N,14.995,89.935,5/24/2015,427.2,432.5,-999
BOBOA_90E_15N,14.995,89.935,5/24/2015,430.3,435.7,-999
BOBOA_90E_15N,14.995,89.935,5/24/2015,422.9,427.1,-999
BOBOA_90E_15N,14.995,89.935,5/25/2015,424.1,428.8,-999
BOBOA_90E_15N,14.995,89.935,5/25/2015,423.1,427.4,-999
BOBOA_90E_15N,14.995,89.935,5/25/2015,424.8,429.6,-999
BOBOA_90E_15N,14.995,89.935,5/25/2015,427.5,432.7,-999
BOBOA_90E_15N,14.995,89.935,5/25/2015,429.1,434.2,-999
BOBOA_90E_15N,14.995,89.935,5/25/2015,423.7,427.9,-999
BOBOA_90E_15N,14.995,89.935,5/25/2015,431.7,436.1,-999
BOBOA_90E_15N,14.995,89.935,5/25/2015,420.2,425.3,-999
BOBOA_90E_15N,14.995,89.935,5/26/2015,427.5,432.5,-999
BOBOA_90E_15N,14.995,89.935,5/26/2015,432,437.5,-999
BOBOA_90E_15N,14.995,89.935,5/26/2015,435.7,441.4,-999
BOBOA_90E_15N,14.995,89.935,5/26/2015,435,440.6,-999
BOBOA_90E_15N,14.995,89.935,5/26/2015,432.6,437.8,-999
BOBOA_90E_15N,14.995,89.935,5/26/2015,433.1,438.4,-999
BOBOA_90E_15N,14.995,89.935,5/26/2015,430.7,436,-999
BOBOA_90E_15N,14.995,89.935,5/26/2015,430.8,436.1,-999
BOBOA_90E_15N,14.995,89.935,5/27/2015,428.6,433.8,-999
BOBOA_90E_15N,14.995,89.935,5/27/2015,434.7,440.5,-999
BOBOA_90E_15N,14.995,89.935,5/27/2015,438,443.8,-999
BOBOA_90E_15N,14.995,89.935,5/27/2015,438.2,444.1,-999
BOBOA_90E_15N,14.995,89.935,5/27/2015,436.8,442.2,-999
BOBOA_90E_15N,14.995,89.935,5/27/2015,432.9,438.3,-999
BOBOA_90E_15N,14.995,89.935,5/27/2015,434.3,439.7,-999
BOBOA_90E_15N,14.995,89.935,5/27/2015,434.2,439.6,-999
BOBOA_90E_15N,14.995,89.935,5/28/2015,435.3,440.8,-999
BOBOA_90E_15N,14.995,89.935,5/28/2015,440.2,446.1,-999
BOBOA_90E_15N,14.995,89.935,5/28/2015,443.6,449.6,-999
BOBOA_90E_15N,14.995,89.935,5/28/2015,442.4,448.6,-999
BOBOA_90E_15N,14.995,89.935,5/28/2015,438.5,444.2,-999
BOBOA_90E_15N,14.995,89.935,5/28/2015,435.6,441.1,-999
BOBOA_90E_15N,14.995,89.935,5/28/2015,437.4,443,-999
BOBOA_90E_15N,14.995,89.935,5/28/2015,437.7,443.2,-999
BOBOA_90E_15N,14.995,89.935,5/29/2015,434.5,440,-999
BOBOA_90E_15N,14.995,89.935,5/29/2015,442.4,448.6,-999
BOBOA_90E_15N,14.995,89.935,5/29/2015,439.8,445.7,-999
BOBOA_90E_15N,14.995,89.935,5/29/2015,446.9,453.3,-999
BOBOA_90E_15N,14.995,89.935,5/29/2015,444.1,449.8,-999
BOBOA_90E_15N,14.995,89.935,5/29/2015,437.2,442.8,-999
BOBOA_90E_15N,14.995,89.935,5/29/2015,436.2,441.8,-999
BOBOA_90E_15N,14.995,89.935,5/29/2015,437.2,442.7,-999
BOBOA_90E_15N,14.995,89.935,5/30/2015,-999,-999,-999
BOBOA_90E_15N,14.995,89.935,5/30/2015,451.8,458.2,-999
BOBOA_90E_15N,14.995,89.935,5/30/2015,450.9,457.2,-999
BOBOA_90E_15N,14.995,89.935,5/30/2015,454.8,461.4,-999
BOBOA_90E_15N,14.995,89.935,5/30/2015,450.4,456.2,-999
BOBOA_90E_15N,14.995,89.935,5/30/2015,438,443.4,-999
BOBOA_90E_15N,14.995,89.935,5/30/2015,435.8,441.3,-999
BOBOA_90E_15N,14.995,89.935,5/30/2015,439,444.4,-999
BOBOA_90E_15N,14.995,89.935,5/31/2015,439.2,444.8,-999
BOBOA_90E_15N,14.995,89.935,5/31/2015,443.3,449.5,-999
BOBOA_90E_15N,14.995,89.935,5/31/2015,442.5,448.2,-999
BOBOA_90E_15N,14.995,89.935,5/31/2015,447.6,453.8,-999
BOBOA_90E_15N,14.995,89.935,5/31/2015,446.2,451.9,-999
BOBOA_90E_15N,14.995,89.935,5/31/2015,445,450.4,-999
BOBOA_90E_15N,14.995,89.935,5/31/2015,440,445.6,-999
BOBOA_90E_15N,14.995,89.935,5/31/2015,436.8,442.3,-999
BOBOA_90E_15N,14.995,89.935,6/1/2015,442.2,447.8,-999
BOBOA_90E_15N,14.995,89.935,6/1/2015,450.5,456.8,-999
BOBOA_90E_15N,14.995,89.935,6/1/2015,451.8,457.9,-999
BOBOA_90E_15N,14.995,89.935,6/1/2015,447,453.4,-999
BOBOA_90E_15N,14.995,89.935,6/1/2015,446.5,452.3,-999
BOBOA_90E_15N,14.995,89.935,6/1/2015,446,451.7,-999
BOBOA_90E_15N,14.995,89.935,6/1/2015,439.5,445.2,-999
BOBOA_90E_15N,14.995,89.935,6/1/2015,439.1,444.7,-999
BOBOA_90E_15N,14.995,89.935,6/2/2015,440.4,446.1,-999
BOBOA_90E_15N,14.995,89.935,6/2/2015,441.4,447.4,-999
BOBOA_90E_15N,14.995,89.935,6/2/2015,440.2,446.3,-999
BOBOA_90E_15N,14.995,89.935,6/2/2015,444.5,450.9,-999
BOBOA_90E_15N,14.995,89.935,6/2/2015,442.4,448.1,-999
BOBOA_90E_15N,14.995,89.935,6/2/2015,440.3,445.9,-999
BOBOA_90E_15N,14.995,89.935,6/2/2015,438.5,444.2,-999
BOBOA_90E_15N,14.995,89.935,6/2/2015,436.3,441.9,-999
BOBOA_90E_15N,14.995,89.935,6/3/2015,439.8,445.6,-999
BOBOA_90E_15N,14.995,89.935,6/3/2015,445.8,452.1,-999
BOBOA_90E_15N,14.995,89.935,6/3/2015,443.5,449.7,-999
BOBOA_90E_15N,14.995,89.935,6/3/2015,446.5,453.1,-999
BOBOA_90E_15N,14.995,89.935,6/3/2015,445.4,451.3,-999
BOBOA_90E_15N,14.995,89.935,6/3/2015,441.7,447.5,-999
BOBOA_90E_15N,14.995,89.935,6/3/2015,439,444.8,-999
BOBOA_90E_15N,14.995,89.935,6/3/2015,439.4,445.2,-999
BOBOA_90E_15N,14.995,89.935,6/4/2015,442.1,448,-999
BOBOA_90E_15N,14.995,89.935,6/4/2015,443.9,450.1,-999
BOBOA_90E_15N,14.995,89.935,6/4/2015,453.6,460.1,-999
BOBOA_90E_15N,14.995,89.935,6/4/2015,444.4,450.3,-999
BOBOA_90E_15N,14.995,89.935,6/4/2015,429.1,433.7,-999
BOBOA_90E_15N,14.995,89.935,6/4/2015,430,434.4,-999
BOBOA_90E_15N,14.995,89.935,6/4/2015,435.8,440.8,-999
BOBOA_90E_15N,14.995,89.935,6/4/2015,438,443.1,-999
BOBOA_90E_15N,14.995,89.935,6/5/2015,440.9,446.5,-999
BOBOA_90E_15N,14.995,89.935,6/5/2015,447.9,454,-999
BOBOA_90E_15N,14.995,89.935,6/5/2015,442.8,448.3,-999
BOBOA_90E_15N,14.995,89.935,6/5/2015,439.7,445.6,-999
BOBOA_90E_15N,14.995,89.935,6/5/2015,437.4,442.9,-999
BOBOA_90E_15N,14.995,89.935,6/5/2015,438.4,443.9,-999
BOBOA_90E_15N,14.995,89.935,6/5/2015,437.3,442.8,-999
BOBOA_90E_15N,14.995,89.935,6/5/2015,433.5,438.7,-999
BOBOA_90E_15N,14.995,89.935,6/6/2015,436.4,442.1,-999
BOBOA_90E_15N,14.995,89.935,6/6/2015,445.6,451.8,-999
BOBOA_90E_15N,14.995,89.935,6/6/2015,443.8,449.9,-999
BOBOA_90E_15N,14.995,89.935,6/6/2015,447.2,453.7,-999
BOBOA_90E_15N,14.995,89.935,6/6/2015,435.4,440.8,-999
BOBOA_90E_15N,14.995,89.935,6/6/2015,438.1,443.9,-999
BOBOA_90E_15N,14.995,89.935,6/6/2015,437.3,443,-999
BOBOA_90E_15N,14.995,89.935,6/6/2015,435,440.6,-999
BOBOA_90E_15N,14.995,89.935,6/7/2015,436.2,441.7,-999
BOBOA_90E_15N,14.995,89.935,6/7/2015,438.5,444.5,-999
BOBOA_90E_15N,14.995,89.935,6/7/2015,441.7,447.5,-999
BOBOA_90E_15N,14.995,89.935,6/7/2015,440.5,446.8,-999
BOBOA_90E_15N,14.995,89.935,6/7/2015,439.6,445.4,-999
BOBOA_90E_15N,14.995,89.935,6/7/2015,438.1,443.7,-999
BOBOA_90E_15N,14.995,89.935,6/7/2015,439.9,445.5,-999
BOBOA_90E_15N,14.995,89.935,6/7/2015,438.9,444.5,-999
BOBOA_90E_15N,14.995,89.935,6/8/2015,434.2,439.7,-999
BOBOA_90E_15N,14.995,89.935,6/8/2015,438,443.9,-999
BOBOA_90E_15N,14.995,89.935,6/8/2015,440,446,-999
BOBOA_90E_15N,14.995,89.935,6/8/2015,440.8,447,-999
BOBOA_90E_15N,14.995,89.935,6/8/2015,438.2,443.9,-999
BOBOA_90E_15N,14.995,89.935,6/8/2015,437.9,443.5,-999
BOBOA_90E_15N,14.995,89.935,6/8/2015,439.9,445.6,-999
BOBOA_90E_15N,14.995,89.935,6/8/2015,436.7,442.3,-999
BOBOA_90E_15N,14.995,89.935,6/9/2015,435.3,440.8,-999
BOBOA_90E_15N,14.995,89.935,6/9/2015,438.3,444.3,-999
BOBOA_90E_15N,14.995,89.935,6/9/2015,439.5,445.4,-999
BOBOA_90E_15N,14.995,89.935,6/9/2015,440.7,446.2,-999
BOBOA_90E_15N,14.995,89.935,6/9/2015,437,442.9,-999
BOBOA_90E_15N,14.995,89.935,6/9/2015,435.1,440.8,-999
BOBOA_90E_15N,14.995,89.935,6/9/2015,435.1,440.8,-999
BOBOA_90E_15N,14.995,89.935,6/9/2015,436.4,441.9,-999
BOBOA_90E_15N,14.995,89.935,6/10/2015,432.4,438,-999
BOBOA_90E_15N,14.995,89.935,6/10/2015,433.7,439.7,-999
BOBOA_90E_15N,14.995,89.935,6/10/2015,438.1,444,-999
BOBOA_90E_15N,14.995,89.935,6/10/2015,434.9,440.5,-999
BOBOA_90E_15N,14.995,89.935,6/10/2015,438.4,444.1,-999
BOBOA_90E_15N,14.995,89.935,6/10/2015,438,443.7,-999
BOBOA_90E_15N,14.995,89.935,6/10/2015,435.4,441.1,-999
BOBOA_90E_15N,14.995,89.935,6/10/2015,436.2,441.8,-999
BOBOA_90E_15N,14.995,89.935,6/11/2015,439.4,445.1,-999
BOBOA_90E_15N,14.995,89.935,6/11/2015,438.8,444.5,-999
BOBOA_90E_15N,14.995,89.935,6/11/2015,439.8,445.8,-999
BOBOA_90E_15N,14.995,89.935,6/11/2015,437.9,443.6,-999
BOBOA_90E_15N,14.995,89.935,6/11/2015,435,440.6,-999
BOBOA_90E_15N,14.995,89.935,6/11/2015,430.8,436.4,-999
BOBOA_90E_15N,14.995,89.935,6/11/2015,434.5,440.1,-999
BOBOA_90E_15N,14.995,89.935,6/11/2015,433.3,438.9,-999
BOBOA_90E_15N,14.995,89.935,6/12/2015,432.7,438.3,-999
BOBOA_90E_15N,14.995,89.935,6/12/2015,433.1,438.8,-999
BOBOA_90E_15N,14.995,89.935,6/12/2015,432.2,437.7,-999
BOBOA_90E_15N,14.995,89.935,6/12/2015,427.7,432.4,-999
BOBOA_90E_15N,14.995,89.935,6/12/2015,431.7,436.7,-999
BOBOA_90E_15N,14.995,89.935,6/12/2015,435.1,439.7,-999
BOBOA_90E_15N,14.995,89.935,6/12/2015,432.4,437.6,-999
BOBOA_90E_15N,14.995,89.935,6/12/2015,431.5,436.9,-999
BOBOA_90E_15N,14.995,89.935,6/13/2015,429.3,434.7,-999
BOBOA_90E_15N,14.995,89.935,6/13/2015,428.9,434.6,-999
BOBOA_90E_15N,14.995,89.935,6/13/2015,429.7,435.5,-999
BOBOA_90E_15N,14.995,89.935,6/13/2015,425.1,429.9,-999
BOBOA_90E_15N,14.995,89.935,6/13/2015,426.5,431.8,-999
BOBOA_90E_15N,14.995,89.935,6/13/2015,431.1,436.5,-999
BOBOA_90E_15N,14.995,89.935,6/13/2015,431.6,437.1,-999
BOBOA_90E_15N,14.995,89.935,6/13/2015,433.1,438.6,-999
BOBOA_90E_15N,14.995,89.935,6/14/2015,434.1,439.5,-999
BOBOA_90E_15N,14.995,89.935,6/14/2015,436.4,442.5,-999
BOBOA_90E_15N,14.995,89.935,6/14/2015,436.3,441.8,-999
BOBOA_90E_15N,14.995,89.935,6/14/2015,435.9,441.8,-999
BOBOA_90E_15N,14.995,89.935,6/14/2015,437.4,443,-999
BOBOA_90E_15N,14.995,89.935,6/14/2015,437.7,443.3,-999
BOBOA_90E_15N,14.995,89.935,6/14/2015,433.2,438.9,-999
BOBOA_90E_15N,14.995,89.935,6/14/2015,430.7,436.3,-999
BOBOA_90E_15N,14.995,89.935,6/15/2015,432.3,437.8,-999
BOBOA_90E_15N,14.995,89.935,6/15/2015,435.8,441.8,-999
BOBOA_90E_15N,14.995,89.935,6/15/2015,436.4,442.5,-999
BOBOA_90E_15N,14.995,89.935,6/15/2015,435.8,441.1,-999
BOBOA_90E_15N,14.995,89.935,6/15/2015,433.7,439.5,-999
BOBOA_90E_15N,14.995,89.935,6/15/2015,433.3,438.9,-999
BOBOA_90E_15N,14.995,89.935,6/15/2015,434.8,440.5,-999
BOBOA_90E_15N,14.995,89.935,6/15/2015,430.2,434.6,-999
BOBOA_90E_15N,14.995,89.935,6/16/2015,434.1,439.7,-999
BOBOA_90E_15N,14.995,89.935,6/16/2015,433.3,438.8,-999
BOBOA_90E_15N,14.995,89.935,6/16/2015,432.9,438.5,-999
BOBOA_90E_15N,14.995,89.935,6/16/2015,435.3,441.2,-999
BOBOA_90E_15N,14.995,89.935,6/16/2015,437.6,443.1,-999
BOBOA_90E_15N,14.995,89.935,6/16/2015,434,439.4,-999
BOBOA_90E_15N,14.995,89.935,6/16/2015,429.5,434.6,-999
BOBOA_90E_15N,14.995,89.935,6/16/2015,429.5,434.2,-999
BOBOA_90E_15N,14.995,89.935,6/17/2015,429.3,434.2,-999
BOBOA_90E_15N,14.995,89.935,6/17/2015,427.3,432.1,-999
BOBOA_90E_15N,14.995,89.935,6/17/2015,434.2,440.2,-999
BOBOA_90E_15N,14.995,89.935,6/17/2015,429.2,434,-999
BOBOA_90E_15N,14.995,89.935,6/17/2015,424.7,430,-999
BOBOA_90E_15N,14.995,89.935,6/17/2015,426.8,432.1,-999
BOBOA_90E_15N,14.995,89.935,6/17/2015,428.4,433.9,-999
BOBOA_90E_15N,14.995,89.935,6/17/2015,425.8,430.7,-999
BOBOA_90E_15N,14.995,89.935,6/18/2015,430.4,435.8,-999
BOBOA_90E_15N,14.995,89.935,6/18/2015,430.6,435.8,-999
BOBOA_90E_15N,14.995,89.935,6/18/2015,430.5,435.6,-999
BOBOA_90E_15N,14.995,89.935,6/18/2015,427.3,432.7,-999
BOBOA_90E_15N,14.995,89.935,6/18/2015,427.2,432.4,-999
BOBOA_90E_15N,14.995,89.935,6/18/2015,427.8,433.2,-999
BOBOA_90E_15N,14.995,89.935,6/18/2015,426.7,431.7,-999
BOBOA_90E_15N,14.995,89.935,6/18/2015,424,428.8,-999
BOBOA_90E_15N,14.995,89.935,6/19/2015,425.4,430.5,-999
BOBOA_90E_15N,14.995,89.935,6/19/2015,425.4,430.1,-999
BOBOA_90E_15N,14.995,89.935,6/19/2015,427.7,432.7,-999
