Mooring Name,Latitude,Longitude,Date,xCO2  SW (wet) (umol/mol)
KEO,32.47,144.63,9/13/2008,389.2
KEO,32.47,144.63,9/13/2008,387.8
KEO,32.47,144.63,9/13/2008,384.5
KEO,32.47,144.63,9/13/2008,385
KEO,32.47,144.63,9/13/2008,392.9
KEO,32.47,144.63,9/13/2008,389.7
KEO,32.47,144.63,9/13/2008,388.9
KEO,32.47,144.63,9/13/2008,385.1
KEO,32.47,144.63,9/13/2008,384.7
KEO,32.47,144.63,9/13/2008,385.5
KEO,32.47,144.63,9/13/2008,385.3
KEO,32.47,144.63,9/13/2008,382.1
KEO,32.47,144.63,9/13/2008,378.4
KEO,32.47,144.63,9/14/2008,377.3
KEO,32.47,144.63,9/14/2008,381.4
KEO,32.47,144.63,9/14/2008,381.5
KEO,32.47,144.63,9/14/2008,378.3
KEO,32.47,144.63,9/14/2008,376.7
KEO,32.47,144.63,9/14/2008,376.6
KEO,32.47,144.63,9/14/2008,377.8
KEO,32.47,144.63,9/14/2008,377.1
KEO,32.47,144.63,9/15/2008,377.9
KEO,32.47,144.63,9/15/2008,379.6
KEO,32.47,144.63,9/15/2008,379.5
KEO,32.47,144.63,9/15/2008,378.4
KEO,32.47,144.63,9/15/2008,377.3
KEO,32.47,144.63,9/15/2008,378
KEO,32.47,144.63,9/15/2008,378.1
KEO,32.47,144.63,9/15/2008,374.5
KEO,32.47,144.63,9/16/2008,376.9
KEO,32.47,144.63,9/16/2008,379.5
KEO,32.47,144.63,9/16/2008,379.6
KEO,32.47,144.63,9/16/2008,379.3
KEO,32.47,144.63,9/16/2008,379.3
KEO,32.47,144.63,9/16/2008,380.7
KEO,32.47,144.63,9/16/2008,378.4
KEO,32.47,144.63,9/16/2008,375.9
KEO,32.47,144.63,9/17/2008,374.5
KEO,32.47,144.63,9/17/2008,374.7
KEO,32.47,144.63,9/17/2008,374.1
KEO,32.47,144.63,9/17/2008,373.4
KEO,32.47,144.63,9/17/2008,372
KEO,32.47,144.63,9/17/2008,368.7
KEO,32.47,144.63,9/17/2008,368.3
KEO,32.47,144.63,9/17/2008,343.1
KEO,32.47,144.63,9/18/2008,362
KEO,32.47,144.63,9/18/2008,372.1
KEO,32.47,144.63,9/18/2008,374.4
KEO,32.47,144.63,9/18/2008,374.8
KEO,32.47,144.63,9/18/2008,373.6
KEO,32.47,144.63,9/18/2008,372.2
KEO,32.47,144.63,9/18/2008,373
KEO,32.47,144.63,9/18/2008,372.7
KEO,32.47,144.63,9/19/2008,373.2
KEO,32.47,144.63,9/19/2008,376.8
KEO,32.47,144.63,9/19/2008,375.1
KEO,32.47,144.63,9/19/2008,373.3
KEO,32.47,144.63,9/19/2008,375.9
KEO,32.47,144.63,9/19/2008,376.2
KEO,32.47,144.63,9/19/2008,376.8
KEO,32.47,144.63,9/19/2008,378.7
KEO,32.47,144.63,9/20/2008,380.9
KEO,32.47,144.63,9/20/2008,381.8
KEO,32.47,144.63,9/20/2008,379.8
KEO,32.47,144.63,9/20/2008,377.5
KEO,32.47,144.63,9/20/2008,377.5
KEO,32.47,144.63,9/20/2008,376.4
KEO,32.47,144.63,9/20/2008,377.3
KEO,32.47,144.63,9/20/2008,376.6
KEO,32.47,144.63,9/21/2008,377.8
KEO,32.47,144.63,9/21/2008,390.1
KEO,32.47,144.63,9/21/2008,397.9
KEO,32.47,144.63,9/21/2008,388.9
KEO,32.47,144.63,9/21/2008,381.7
KEO,32.47,144.63,9/21/2008,379.4
KEO,32.47,144.63,9/21/2008,377.9
KEO,32.47,144.63,9/21/2008,377.5
KEO,32.47,144.63,9/22/2008,379.8
KEO,32.47,144.63,9/22/2008,382
KEO,32.47,144.63,9/22/2008,378.4
KEO,32.47,144.63,9/22/2008,377.7
KEO,32.47,144.63,9/22/2008,382.6
KEO,32.47,144.63,9/22/2008,383.4
KEO,32.47,144.63,9/22/2008,383.9
KEO,32.47,144.63,9/22/2008,381.5
KEO,32.47,144.63,9/23/2008,383
KEO,32.47,144.63,9/23/2008,384.5
KEO,32.47,144.63,9/23/2008,385.8
KEO,32.47,144.63,9/23/2008,382.4
KEO,32.47,144.63,9/23/2008,382.3
KEO,32.47,144.63,9/23/2008,378.6
KEO,32.47,144.63,9/23/2008,380.1
KEO,32.47,144.63,9/23/2008,378.9
KEO,32.47,144.63,9/24/2008,382.3
KEO,32.47,144.63,9/24/2008,383
KEO,32.47,144.63,9/24/2008,379.4
KEO,32.47,144.63,9/24/2008,376.3
KEO,32.47,144.63,9/24/2008,374.5
KEO,32.47,144.63,9/24/2008,372.1
KEO,32.47,144.63,9/24/2008,372.5
KEO,32.47,144.63,9/24/2008,373.9
KEO,32.47,144.63,9/25/2008,372.2
KEO,32.47,144.63,9/25/2008,377.1
KEO,32.47,144.63,9/25/2008,375.3
KEO,32.47,144.63,9/25/2008,372.2
KEO,32.47,144.63,9/25/2008,371.1
KEO,32.47,144.63,9/25/2008,372
KEO,32.47,144.63,9/25/2008,372.9
KEO,32.47,144.63,9/25/2008,373.8
KEO,32.47,144.63,9/26/2008,375.3
KEO,32.47,144.63,9/26/2008,377.1
KEO,32.47,144.63,9/26/2008,378.6
KEO,32.47,144.63,9/26/2008,376.7
KEO,32.47,144.63,9/26/2008,376.5
KEO,32.47,144.63,9/26/2008,378
KEO,32.47,144.63,9/26/2008,377.2
KEO,32.47,144.63,9/26/2008,375.4
KEO,32.47,144.63,9/27/2008,375
KEO,32.47,144.63,9/27/2008,370.7
KEO,32.47,144.63,9/27/2008,370.4
KEO,32.47,144.63,9/27/2008,369.3
KEO,32.47,144.63,9/27/2008,369.2
KEO,32.47,144.63,9/27/2008,370.3
KEO,32.47,144.63,9/27/2008,369.5
KEO,32.47,144.63,9/27/2008,369.6
KEO,32.47,144.63,9/28/2008,367.8
KEO,32.47,144.63,9/28/2008,367.5
KEO,32.47,144.63,9/28/2008,365.8
KEO,32.47,144.63,9/28/2008,365.8
KEO,32.47,144.63,9/28/2008,366.4
KEO,32.47,144.63,9/28/2008,366.2
KEO,32.47,144.63,9/28/2008,367.1
KEO,32.47,144.63,9/28/2008,367.8
KEO,32.47,144.63,9/29/2008,367.6
KEO,32.47,144.63,9/29/2008,368.9
KEO,32.47,144.63,9/29/2008,367.1
KEO,32.47,144.63,9/29/2008,366.8
KEO,32.47,144.63,9/29/2008,366.6
KEO,32.47,144.63,9/29/2008,367.1
KEO,32.47,144.63,9/29/2008,366.7
KEO,32.47,144.63,9/29/2008,368.1
KEO,32.47,144.63,9/30/2008,369.3
KEO,32.47,144.63,9/30/2008,368.7
KEO,32.47,144.63,9/30/2008,367.1
KEO,32.47,144.63,9/30/2008,365
KEO,32.47,144.63,9/30/2008,365.2
KEO,32.47,144.63,9/30/2008,365.6
KEO,32.47,144.63,9/30/2008,366.6
KEO,32.47,144.63,9/30/2008,368.8
KEO,32.47,144.63,10/1/2008,529.9
KEO,32.47,144.63,10/1/2008,382.6
KEO,32.47,144.63,10/1/2008,368.8
KEO,32.47,144.63,10/1/2008,370.1
KEO,32.47,144.63,10/1/2008,367.9
KEO,32.47,144.63,10/1/2008,367.9
KEO,32.47,144.63,10/1/2008,367.1
KEO,32.47,144.63,10/1/2008,367.6
KEO,32.47,144.63,10/2/2008,367.4
KEO,32.47,144.63,10/2/2008,367.1
KEO,32.47,144.63,10/2/2008,366.5
KEO,32.47,144.63,10/2/2008,365.7
KEO,32.47,144.63,10/2/2008,364.9
KEO,32.47,144.63,10/2/2008,364.3
KEO,32.47,144.63,10/2/2008,363.4
KEO,32.47,144.63,10/2/2008,362.5
KEO,32.47,144.63,10/3/2008,362.5
KEO,32.47,144.63,10/3/2008,363
KEO,32.47,144.63,10/3/2008,363.3
KEO,32.47,144.63,10/3/2008,361.7
KEO,32.47,144.63,10/3/2008,361.8
KEO,32.47,144.63,10/3/2008,362
KEO,32.47,144.63,10/3/2008,362.7
KEO,32.47,144.63,10/3/2008,362
KEO,32.47,144.63,10/4/2008,362.6
KEO,32.47,144.63,10/4/2008,363.1
KEO,32.47,144.63,10/4/2008,363.6
KEO,32.47,144.63,10/4/2008,362.1
KEO,32.47,144.63,10/4/2008,361
KEO,32.47,144.63,10/4/2008,361.7
KEO,32.47,144.63,10/4/2008,362.5
KEO,32.47,144.63,10/4/2008,361.8
KEO,32.47,144.63,10/5/2008,361.8
KEO,32.47,144.63,10/5/2008,362.5
KEO,32.47,144.63,10/5/2008,361.8
KEO,32.47,144.63,10/5/2008,552.1
KEO,32.47,144.63,10/5/2008,379.7
KEO,32.47,144.63,10/5/2008,365.6
KEO,32.47,144.63,10/5/2008,363.7
KEO,32.47,144.63,10/5/2008,362.9
KEO,32.47,144.63,10/6/2008,362.7
KEO,32.47,144.63,10/6/2008,365.2
KEO,32.47,144.63,10/6/2008,363.8
KEO,32.47,144.63,10/6/2008,362.9
KEO,32.47,144.63,10/6/2008,362.1
KEO,32.47,144.63,10/6/2008,361.7
KEO,32.47,144.63,10/6/2008,362
KEO,32.47,144.63,10/6/2008,361.6
KEO,32.47,144.63,10/7/2008,362.8
KEO,32.47,144.63,10/7/2008,367.9
KEO,32.47,144.63,10/7/2008,366.7
KEO,32.47,144.63,10/7/2008,361.8
KEO,32.47,144.63,10/7/2008,359.8
KEO,32.47,144.63,10/7/2008,359
KEO,32.47,144.63,10/7/2008,359.6
KEO,32.47,144.63,10/7/2008,357.8
KEO,32.47,144.63,10/8/2008,358.5
KEO,32.47,144.63,10/8/2008,361.2
KEO,32.47,144.63,10/8/2008,346.3
KEO,32.47,144.63,10/8/2008,352.4
KEO,32.47,144.63,10/8/2008,351
KEO,32.47,144.63,10/8/2008,352.4
KEO,32.47,144.63,10/8/2008,358.6
KEO,32.47,144.63,10/8/2008,355
KEO,32.47,144.63,10/9/2008,355.2
KEO,32.47,144.63,10/9/2008,367.1
KEO,32.47,144.63,10/9/2008,375.1
KEO,32.47,144.63,10/9/2008,363.1
KEO,32.47,144.63,10/9/2008,362.8
KEO,32.47,144.63,10/9/2008,361.9
KEO,32.47,144.63,10/9/2008,358.4
KEO,32.47,144.63,10/9/2008,357.7
KEO,32.47,144.63,10/10/2008,360.1
KEO,32.47,144.63,10/10/2008,363.1
KEO,32.47,144.63,10/10/2008,369
KEO,32.47,144.63,10/10/2008,367.3
KEO,32.47,144.63,10/10/2008,363.9
KEO,32.47,144.63,10/10/2008,364.2
KEO,32.47,144.63,10/10/2008,364.2
KEO,32.47,144.63,10/10/2008,363.2
KEO,32.47,144.63,10/11/2008,367.4
KEO,32.47,144.63,10/11/2008,368.8
KEO,32.47,144.63,10/11/2008,368.7
KEO,32.47,144.63,10/11/2008,367.3
KEO,32.47,144.63,10/11/2008,364.7
KEO,32.47,144.63,10/11/2008,367.7
KEO,32.47,144.63,10/11/2008,364.2
KEO,32.47,144.63,10/11/2008,366
KEO,32.47,144.63,10/12/2008,364.6
KEO,32.47,144.63,10/12/2008,362.6
KEO,32.47,144.63,10/12/2008,362.3
KEO,32.47,144.63,10/12/2008,362.2
KEO,32.47,144.63,10/12/2008,362.2
KEO,32.47,144.63,10/12/2008,363.3
KEO,32.47,144.63,10/12/2008,365
KEO,32.47,144.63,10/12/2008,367.1
KEO,32.47,144.63,10/13/2008,368.2
KEO,32.47,144.63,10/13/2008,367.3
KEO,32.47,144.63,10/13/2008,365.1
KEO,32.47,144.63,10/13/2008,363.6
KEO,32.47,144.63,10/13/2008,361.5
KEO,32.47,144.63,10/13/2008,361.3
KEO,32.47,144.63,10/13/2008,360.9
KEO,32.47,144.63,10/13/2008,360
KEO,32.47,144.63,10/14/2008,361.9
KEO,32.47,144.63,10/14/2008,362.5
KEO,32.47,144.63,10/14/2008,361.2
KEO,32.47,144.63,10/14/2008,359.6
KEO,32.47,144.63,10/14/2008,359.9
KEO,32.47,144.63,10/14/2008,360.5
KEO,32.47,144.63,10/14/2008,361.8
KEO,32.47,144.63,10/14/2008,361.6
KEO,32.47,144.63,10/15/2008,361.7
KEO,32.47,144.63,10/15/2008,361.4
KEO,32.47,144.63,10/15/2008,361.3
KEO,32.47,144.63,10/15/2008,357.6
KEO,32.47,144.63,10/15/2008,358.8
KEO,32.47,144.63,10/15/2008,358.7
KEO,32.47,144.63,10/15/2008,359.1
KEO,32.47,144.63,10/15/2008,358.8
KEO,32.47,144.63,10/16/2008,358.1
KEO,32.47,144.63,10/16/2008,358.4
KEO,32.47,144.63,10/16/2008,357.2
KEO,32.47,144.63,10/16/2008,356.8
KEO,32.47,144.63,10/16/2008,356.8
KEO,32.47,144.63,10/16/2008,356.7
KEO,32.47,144.63,10/16/2008,356.3
KEO,32.47,144.63,10/16/2008,356.5
KEO,32.47,144.63,10/17/2008,357
KEO,32.47,144.63,10/17/2008,356.7
KEO,32.47,144.63,10/17/2008,356.4
KEO,32.47,144.63,10/17/2008,356.1
KEO,32.47,144.63,10/17/2008,356.3
KEO,32.47,144.63,10/17/2008,356.3
KEO,32.47,144.63,10/17/2008,357
KEO,32.47,144.63,10/17/2008,357.3
KEO,32.47,144.63,10/18/2008,356.3
KEO,32.47,144.63,10/18/2008,360.5
KEO,32.47,144.63,10/18/2008,356.6
KEO,32.47,144.63,10/18/2008,356.2
KEO,32.47,144.63,10/18/2008,355.1
KEO,32.47,144.63,10/18/2008,356
KEO,32.47,144.63,10/18/2008,357.6
KEO,32.47,144.63,10/18/2008,359.1
KEO,32.47,144.63,10/19/2008,359.2
KEO,32.47,144.63,10/19/2008,360.5
KEO,32.47,144.63,10/19/2008,360.9
KEO,32.47,144.63,10/19/2008,360.8
KEO,32.47,144.63,10/19/2008,360.9
KEO,32.47,144.63,10/19/2008,362.6
KEO,32.47,144.63,10/19/2008,363.9
KEO,32.47,144.63,10/19/2008,365
KEO,32.47,144.63,10/20/2008,363.6
KEO,32.47,144.63,10/20/2008,363.8
KEO,32.47,144.63,10/20/2008,361.3
KEO,32.47,144.63,10/20/2008,359.3
KEO,32.47,144.63,10/20/2008,358.9
KEO,32.47,144.63,10/20/2008,357.3
KEO,32.47,144.63,10/20/2008,356.8
KEO,32.47,144.63,10/20/2008,356.3
KEO,32.47,144.63,10/21/2008,357.8
KEO,32.47,144.63,10/21/2008,356.1
KEO,32.47,144.63,10/21/2008,354.6
KEO,32.47,144.63,10/21/2008,353
KEO,32.47,144.63,10/21/2008,352.4
KEO,32.47,144.63,10/21/2008,351.5
KEO,32.47,144.63,10/21/2008,352.4
KEO,32.47,144.63,10/21/2008,351.5
KEO,32.47,144.63,10/22/2008,352
KEO,32.47,144.63,10/22/2008,352.2
KEO,32.47,144.63,10/22/2008,351
KEO,32.47,144.63,10/22/2008,351
KEO,32.47,144.63,10/22/2008,349.7
KEO,32.47,144.63,10/22/2008,349.7
KEO,32.47,144.63,10/22/2008,350.5
KEO,32.47,144.63,10/22/2008,350.2
KEO,32.47,144.63,10/23/2008,350.3
KEO,32.47,144.63,10/23/2008,351.1
KEO,32.47,144.63,10/23/2008,349.9
KEO,32.47,144.63,10/23/2008,349.2
KEO,32.47,144.63,10/23/2008,349.3
KEO,32.47,144.63,10/23/2008,347.8
KEO,32.47,144.63,10/23/2008,348.3
KEO,32.47,144.63,10/23/2008,348.3
KEO,32.47,144.63,10/24/2008,351.5
KEO,32.47,144.63,10/24/2008,354.7
KEO,32.47,144.63,10/24/2008,354.8
KEO,32.47,144.63,10/24/2008,354.3
KEO,32.47,144.63,10/24/2008,355
KEO,32.47,144.63,10/24/2008,353.6
KEO,32.47,144.63,10/24/2008,354.1
KEO,32.47,144.63,10/24/2008,353.6
KEO,32.47,144.63,10/25/2008,354.4
KEO,32.47,144.63,10/25/2008,355.1
KEO,32.47,144.63,10/25/2008,403.2
KEO,32.47,144.63,10/25/2008,358
KEO,32.47,144.63,10/25/2008,352.7
KEO,32.47,144.63,10/25/2008,352.3
KEO,32.47,144.63,10/25/2008,352.2
KEO,32.47,144.63,10/25/2008,351.9
KEO,32.47,144.63,10/26/2008,354.5
KEO,32.47,144.63,10/26/2008,355.3
KEO,32.47,144.63,10/26/2008,353
KEO,32.47,144.63,10/26/2008,351.5
KEO,32.47,144.63,10/26/2008,352.3
KEO,32.47,144.63,10/26/2008,354.1
KEO,32.47,144.63,10/26/2008,354.6
KEO,32.47,144.63,10/26/2008,354
KEO,32.47,144.63,10/27/2008,352.8
KEO,32.47,144.63,10/27/2008,353.2
KEO,32.47,144.63,10/27/2008,352.6
KEO,32.47,144.63,10/27/2008,351.3
KEO,32.47,144.63,10/27/2008,352.4
KEO,32.47,144.63,10/27/2008,352.6
KEO,32.47,144.63,10/27/2008,355.2
KEO,32.47,144.63,10/27/2008,353.8
KEO,32.47,144.63,10/28/2008,354.8
KEO,32.47,144.63,10/28/2008,354.3
KEO,32.47,144.63,10/28/2008,352.9
KEO,32.47,144.63,10/28/2008,351.7
KEO,32.47,144.63,10/28/2008,351.6
KEO,32.47,144.63,10/28/2008,351.7
KEO,32.47,144.63,10/28/2008,352
KEO,32.47,144.63,10/28/2008,350.7
KEO,32.47,144.63,10/29/2008,349.8
KEO,32.47,144.63,10/29/2008,352.2
KEO,32.47,144.63,10/29/2008,349.7
KEO,32.47,144.63,10/29/2008,347.9
KEO,32.47,144.63,10/29/2008,347.9
KEO,32.47,144.63,10/29/2008,347.8
KEO,32.47,144.63,10/29/2008,350
KEO,32.47,144.63,10/29/2008,348.4
KEO,32.47,144.63,10/30/2008,349.2
KEO,32.47,144.63,10/30/2008,348.9
KEO,32.47,144.63,10/30/2008,348
KEO,32.47,144.63,10/30/2008,347.2
KEO,32.47,144.63,10/30/2008,346.5
KEO,32.47,144.63,10/30/2008,347.7
KEO,32.47,144.63,10/30/2008,349
KEO,32.47,144.63,10/30/2008,347.1
KEO,32.47,144.63,10/31/2008,348.3
KEO,32.47,144.63,10/31/2008,348.5
KEO,32.47,144.63,10/31/2008,346.9
KEO,32.47,144.63,10/31/2008,345.8
KEO,32.47,144.63,10/31/2008,348.6
KEO,32.47,144.63,10/31/2008,348.7
KEO,32.47,144.63,10/31/2008,349.3
KEO,32.47,144.63,10/31/2008,348.5
KEO,32.47,144.63,11/1/2008,345.9
KEO,32.47,144.63,11/1/2008,346.7
KEO,32.47,144.63,11/1/2008,348.3
KEO,32.47,144.63,11/1/2008,348.6
KEO,32.47,144.63,11/1/2008,349.3
KEO,32.47,144.63,11/1/2008,345.6
KEO,32.47,144.63,11/1/2008,345.7
KEO,32.47,144.63,11/1/2008,344.9
KEO,32.47,144.63,11/2/2008,346.8
KEO,32.47,144.63,11/2/2008,349
KEO,32.47,144.63,11/2/2008,347.4
KEO,32.47,144.63,11/2/2008,343.7
KEO,32.47,144.63,11/2/2008,344.4
KEO,32.47,144.63,11/2/2008,344.6
KEO,32.47,144.63,11/2/2008,346.2
KEO,32.47,144.63,11/2/2008,347.4
KEO,32.47,144.63,11/3/2008,349
KEO,32.47,144.63,11/3/2008,351.1
KEO,32.47,144.63,11/3/2008,353.3
KEO,32.47,144.63,11/3/2008,353.3
KEO,32.47,144.63,11/3/2008,353.2
KEO,32.47,144.63,11/3/2008,354.9
KEO,32.47,144.63,11/3/2008,358
KEO,32.47,144.63,11/3/2008,357.9
KEO,32.47,144.63,11/4/2008,356.9
KEO,32.47,144.63,11/4/2008,356.6
KEO,32.47,144.63,11/4/2008,356
KEO,32.47,144.63,11/4/2008,355.1
KEO,32.47,144.63,11/4/2008,356.2
KEO,32.47,144.63,11/4/2008,355.2
KEO,32.47,144.63,11/4/2008,355.7
KEO,32.47,144.63,11/4/2008,355.1
KEO,32.47,144.63,11/5/2008,356.4
KEO,32.47,144.63,11/5/2008,354.5
KEO,32.47,144.63,11/5/2008,353.1
KEO,32.47,144.63,11/5/2008,352.2
KEO,32.47,144.63,11/5/2008,352.5
KEO,32.47,144.63,11/5/2008,353.8
KEO,32.47,144.63,11/5/2008,353.6
KEO,32.47,144.63,11/5/2008,352.4
KEO,32.47,144.63,11/6/2008,351.4
KEO,32.47,144.63,11/6/2008,352.3
KEO,32.47,144.63,11/6/2008,353.5
KEO,32.47,144.63,11/6/2008,349.6
KEO,32.47,144.63,11/6/2008,351.6
KEO,32.47,144.63,11/6/2008,350.2
KEO,32.47,144.63,11/6/2008,352.8
KEO,32.47,144.63,11/6/2008,355.1
KEO,32.47,144.63,11/7/2008,356.2
KEO,32.47,144.63,11/7/2008,361
KEO,32.47,144.63,11/7/2008,360.4
KEO,32.47,144.63,11/7/2008,358.5
KEO,32.47,144.63,11/7/2008,357.4
KEO,32.47,144.63,11/7/2008,357.6
KEO,32.47,144.63,11/7/2008,359.5
KEO,32.47,144.63,11/7/2008,353.3
KEO,32.47,144.63,11/8/2008,355.7
KEO,32.47,144.63,11/8/2008,353.1
KEO,32.47,144.63,11/8/2008,350.8
KEO,32.47,144.63,11/8/2008,350.7
KEO,32.47,144.63,11/8/2008,353.9
KEO,32.47,144.63,11/8/2008,356.5
KEO,32.47,144.63,11/8/2008,349.9
KEO,32.47,144.63,11/8/2008,349.5
KEO,32.47,144.63,11/9/2008,350.2
KEO,32.47,144.63,11/9/2008,348.2
KEO,32.47,144.63,11/9/2008,348.3
KEO,32.47,144.63,11/9/2008,347.7
KEO,32.47,144.63,11/9/2008,346.6
KEO,32.47,144.63,11/9/2008,348.9
KEO,32.47,144.63,11/9/2008,347.5
KEO,32.47,144.63,11/9/2008,352.7
KEO,32.47,144.63,11/10/2008,347.6
KEO,32.47,144.63,11/10/2008,350
KEO,32.47,144.63,11/10/2008,345
KEO,32.47,144.63,11/10/2008,345
KEO,32.47,144.63,11/10/2008,343
KEO,32.47,144.63,11/10/2008,339
KEO,32.47,144.63,11/10/2008,341.7
KEO,32.47,144.63,11/10/2008,338.5
KEO,32.47,144.63,11/11/2008,344.4
KEO,32.47,144.63,11/11/2008,344.7
KEO,32.47,144.63,11/11/2008,343.4
KEO,32.47,144.63,11/11/2008,350.3
KEO,32.47,144.63,11/11/2008,343.9
KEO,32.47,144.63,11/11/2008,345.5
KEO,32.47,144.63,11/11/2008,345.4
KEO,32.47,144.63,11/11/2008,347.4
KEO,32.47,144.63,11/12/2008,356.1
KEO,32.47,144.63,11/12/2008,360.7
KEO,32.47,144.63,11/12/2008,350.3
KEO,32.47,144.63,11/12/2008,345.9
KEO,32.47,144.63,11/12/2008,349.1
KEO,32.47,144.63,11/12/2008,352.8
KEO,32.47,144.63,11/12/2008,362.2
KEO,32.47,144.63,11/12/2008,361.9
KEO,32.47,144.63,11/13/2008,364
KEO,32.47,144.63,11/13/2008,364.9
KEO,32.47,144.63,11/13/2008,365.1
KEO,32.47,144.63,11/13/2008,358
KEO,32.47,144.63,11/13/2008,368.3
KEO,32.47,144.63,11/13/2008,361.7
KEO,32.47,144.63,11/13/2008,361.9
KEO,32.47,144.63,11/13/2008,357.9
KEO,32.47,144.63,11/14/2008,354.8
KEO,32.47,144.63,11/14/2008,356.5
KEO,32.47,144.63,11/14/2008,350.1
KEO,32.47,144.63,11/14/2008,348.5
KEO,32.47,144.63,11/14/2008,344
KEO,32.47,144.63,11/14/2008,344.3
KEO,32.47,144.63,11/14/2008,340
KEO,32.47,144.63,11/14/2008,344
KEO,32.47,144.63,11/15/2008,343.3
KEO,32.47,144.63,11/15/2008,346.9
KEO,32.47,144.63,11/15/2008,340.9
KEO,32.47,144.63,11/15/2008,340.9
KEO,32.47,144.63,11/15/2008,339.2
KEO,32.47,144.63,11/15/2008,338.9
KEO,32.47,144.63,11/15/2008,340.2
KEO,32.47,144.63,11/15/2008,341.3
KEO,32.47,144.63,11/16/2008,342.8
KEO,32.47,144.63,11/16/2008,343.5
KEO,32.47,144.63,11/16/2008,341.4
KEO,32.47,144.63,11/16/2008,341.1
KEO,32.47,144.63,11/16/2008,342.3
KEO,32.47,144.63,11/16/2008,343.4
KEO,32.47,144.63,11/16/2008,342.9
KEO,32.47,144.63,11/16/2008,344.8
KEO,32.47,144.63,11/17/2008,343
KEO,32.47,144.63,11/17/2008,344.7
KEO,32.47,144.63,11/17/2008,342
KEO,32.47,144.63,11/17/2008,340
KEO,32.47,144.63,11/17/2008,338.7
KEO,32.47,144.63,11/17/2008,342.7
KEO,32.47,144.63,11/17/2008,342.6
KEO,32.47,144.63,11/17/2008,343.1
KEO,32.47,144.63,11/18/2008,340.7
KEO,32.47,144.63,11/18/2008,340.3
KEO,32.47,144.63,11/18/2008,342.1
KEO,32.47,144.63,11/18/2008,341
KEO,32.47,144.63,11/18/2008,343.8
KEO,32.47,144.63,11/18/2008,343.3
KEO,32.47,144.63,11/18/2008,342.9
KEO,32.47,144.63,11/18/2008,344.5
KEO,32.47,144.63,11/19/2008,341.9
KEO,32.47,144.63,11/19/2008,340.5
KEO,32.47,144.63,11/19/2008,339.1
KEO,32.47,144.63,11/19/2008,340.1
KEO,32.47,144.63,11/19/2008,340.8
KEO,32.47,144.63,11/19/2008,341.1
KEO,32.47,144.63,11/19/2008,335.7
KEO,32.47,144.63,11/19/2008,338.2
KEO,32.47,144.63,11/20/2008,338.1
KEO,32.47,144.63,11/20/2008,331.8
KEO,32.47,144.63,11/20/2008,337
KEO,32.47,144.63,11/20/2008,334.6
KEO,32.47,144.63,11/20/2008,332.8
KEO,32.47,144.63,11/20/2008,337.1
KEO,32.47,144.63,11/20/2008,334.1
KEO,32.47,144.63,11/20/2008,336.2
KEO,32.47,144.63,11/21/2008,333.9
KEO,32.47,144.63,11/21/2008,333
KEO,32.47,144.63,11/21/2008,335.1
KEO,32.47,144.63,11/21/2008,335.6
KEO,32.47,144.63,11/21/2008,336.1
KEO,32.47,144.63,11/21/2008,334.2
KEO,32.47,144.63,11/21/2008,333.1
KEO,32.47,144.63,11/21/2008,329.4
KEO,32.47,144.63,11/22/2008,331.6
KEO,32.47,144.63,11/22/2008,335.1
KEO,32.47,144.63,11/22/2008,334.7
KEO,32.47,144.63,11/22/2008,333
KEO,32.47,144.63,11/22/2008,335.9
KEO,32.47,144.63,11/22/2008,333.3
KEO,32.47,144.63,11/22/2008,335.5
KEO,32.47,144.63,11/22/2008,335.5
KEO,32.47,144.63,11/23/2008,330.7
KEO,32.47,144.63,11/23/2008,334.3
KEO,32.47,144.63,11/23/2008,331
KEO,32.47,144.63,11/23/2008,333.2
KEO,32.47,144.63,11/23/2008,332.6
KEO,32.47,144.63,11/23/2008,334.2
KEO,32.47,144.63,11/23/2008,336.8
KEO,32.47,144.63,11/23/2008,336.5
KEO,32.47,144.63,11/24/2008,337.9
KEO,32.47,144.63,11/24/2008,342.3
KEO,32.47,144.63,11/24/2008,337.2
KEO,32.47,144.63,11/24/2008,337.2
KEO,32.47,144.63,11/24/2008,336.9
KEO,32.47,144.63,11/24/2008,335
KEO,32.47,144.63,11/24/2008,339.5
KEO,32.47,144.63,11/24/2008,339.5
KEO,32.47,144.63,11/25/2008,342.3
KEO,32.47,144.63,11/25/2008,340.1
KEO,32.47,144.63,11/25/2008,340.4
KEO,32.47,144.63,11/25/2008,338.7
KEO,32.47,144.63,11/25/2008,337.1
KEO,32.47,144.63,11/25/2008,336.2
KEO,32.47,144.63,11/25/2008,338.3
KEO,32.47,144.63,11/25/2008,336.4
KEO,32.47,144.63,11/26/2008,333.2
KEO,32.47,144.63,11/26/2008,331.9
KEO,32.47,144.63,11/26/2008,333.6
KEO,32.47,144.63,11/26/2008,332.7
KEO,32.47,144.63,11/26/2008,333.1
KEO,32.47,144.63,11/26/2008,332.3
KEO,32.47,144.63,11/26/2008,331.3
KEO,32.47,144.63,11/26/2008,331.2
KEO,32.47,144.63,11/27/2008,330.9
KEO,32.47,144.63,11/27/2008,330.9
KEO,32.47,144.63,11/27/2008,328.3
KEO,32.47,144.63,11/27/2008,334.9
KEO,32.47,144.63,11/27/2008,337.7
KEO,32.47,144.63,11/27/2008,335.1
KEO,32.47,144.63,11/27/2008,337.1
KEO,32.47,144.63,11/27/2008,344.8
KEO,32.47,144.63,11/28/2008,345.4
KEO,32.47,144.63,11/28/2008,343.9
KEO,32.47,144.63,11/28/2008,345.5
KEO,32.47,144.63,11/28/2008,340.7
KEO,32.47,144.63,11/28/2008,341.6
KEO,32.47,144.63,11/28/2008,342.1
KEO,32.47,144.63,11/28/2008,337.9
KEO,32.47,144.63,11/28/2008,340.1
KEO,32.47,144.63,11/29/2008,338
KEO,32.47,144.63,11/29/2008,341
KEO,32.47,144.63,11/29/2008,341.2
KEO,32.47,144.63,11/29/2008,340.4
KEO,32.47,144.63,11/29/2008,338.9
KEO,32.47,144.63,11/29/2008,339.8
KEO,32.47,144.63,11/29/2008,340
KEO,32.47,144.63,11/29/2008,337.9
KEO,32.47,144.63,11/30/2008,336.5
KEO,32.47,144.63,11/30/2008,340.5
KEO,32.47,144.63,11/30/2008,335
KEO,32.47,144.63,11/30/2008,337.5
KEO,32.47,144.63,11/30/2008,336.3
KEO,32.47,144.63,11/30/2008,336
KEO,32.47,144.63,11/30/2008,335.1
KEO,32.47,144.63,11/30/2008,342.2
KEO,32.47,144.63,12/1/2008,335.6
KEO,32.47,144.63,12/1/2008,335.2
KEO,32.47,144.63,12/1/2008,334.5
KEO,32.47,144.63,12/1/2008,333.9
KEO,32.47,144.63,12/1/2008,333.2
KEO,32.47,144.63,12/1/2008,333.1
KEO,32.47,144.63,12/1/2008,333.2
KEO,32.47,144.63,12/1/2008,333.1
KEO,32.47,144.63,12/2/2008,334.7
KEO,32.47,144.63,12/2/2008,335.1
KEO,32.47,144.63,12/2/2008,337.1
KEO,32.47,144.63,12/2/2008,336
KEO,32.47,144.63,12/2/2008,333.6
KEO,32.47,144.63,12/2/2008,338.7
KEO,32.47,144.63,12/2/2008,338.8
KEO,32.47,144.63,12/2/2008,338.2
KEO,32.47,144.63,12/3/2008,339.7
KEO,32.47,144.63,12/3/2008,338.9
KEO,32.47,144.63,12/3/2008,339
KEO,32.47,144.63,12/3/2008,337.7
KEO,32.47,144.63,12/3/2008,339.6
KEO,32.47,144.63,12/3/2008,338.1
KEO,32.47,144.63,12/3/2008,341.1
KEO,32.47,144.63,12/3/2008,348.8
KEO,32.47,144.63,12/4/2008,333.7
KEO,32.47,144.63,12/4/2008,336.1
KEO,32.47,144.63,12/4/2008,337.4
KEO,32.47,144.63,12/4/2008,343.7
KEO,32.47,144.63,12/4/2008,334.5
KEO,32.47,144.63,12/4/2008,331.6
KEO,32.47,144.63,12/4/2008,336.1
KEO,32.47,144.63,12/4/2008,332.7
KEO,32.47,144.63,12/5/2008,337
KEO,32.47,144.63,12/5/2008,336.7
KEO,32.47,144.63,12/5/2008,332.6
KEO,32.47,144.63,12/5/2008,329.1
KEO,32.47,144.63,12/5/2008,325.9
KEO,32.47,144.63,12/5/2008,334
KEO,32.47,144.63,12/5/2008,336.6
KEO,32.47,144.63,12/5/2008,335.7
KEO,32.47,144.63,12/6/2008,335
KEO,32.47,144.63,12/6/2008,335.2
KEO,32.47,144.63,12/6/2008,334.5
KEO,32.47,144.63,12/6/2008,330.8
KEO,32.47,144.63,12/6/2008,334
KEO,32.47,144.63,12/6/2008,333.7
KEO,32.47,144.63,12/6/2008,333.1
KEO,32.47,144.63,12/6/2008,333.2
KEO,32.47,144.63,12/7/2008,331.7
KEO,32.47,144.63,12/7/2008,330.8
KEO,32.47,144.63,12/7/2008,332.1
KEO,32.47,144.63,12/7/2008,335.7
KEO,32.47,144.63,12/7/2008,333.8
KEO,32.47,144.63,12/7/2008,331.7
KEO,32.47,144.63,12/7/2008,334.4
KEO,32.47,144.63,12/7/2008,331.4
KEO,32.47,144.63,12/8/2008,333.7
KEO,32.47,144.63,12/8/2008,336.4
KEO,32.47,144.63,12/8/2008,329.5
KEO,32.47,144.63,12/8/2008,332.2
KEO,32.47,144.63,12/8/2008,331.1
KEO,32.47,144.63,12/8/2008,332.8
KEO,32.47,144.63,12/8/2008,330.6
KEO,32.47,144.63,12/8/2008,333.7
KEO,32.47,144.63,12/9/2008,334.2
KEO,32.47,144.63,12/9/2008,332.9
KEO,32.47,144.63,12/9/2008,333.9
KEO,32.47,144.63,12/9/2008,328.9
KEO,32.47,144.63,12/9/2008,333.2
KEO,32.47,144.63,12/9/2008,337.7
KEO,32.47,144.63,12/9/2008,331.8
KEO,32.47,144.63,12/9/2008,333.7
KEO,32.47,144.63,12/10/2008,333.1
KEO,32.47,144.63,12/10/2008,331.2
KEO,32.47,144.63,12/10/2008,335.9
KEO,32.47,144.63,12/10/2008,333.6
KEO,32.47,144.63,12/10/2008,331.2
KEO,32.47,144.63,12/10/2008,331.3
KEO,32.47,144.63,12/10/2008,332.2
KEO,32.47,144.63,12/10/2008,328.9
KEO,32.47,144.63,12/11/2008,327.8
KEO,32.47,144.63,12/11/2008,329.2
KEO,32.47,144.63,12/11/2008,330.5
KEO,32.47,144.63,12/11/2008,325.8
KEO,32.47,144.63,12/11/2008,328.6
KEO,32.47,144.63,12/11/2008,329.1
KEO,32.47,144.63,12/11/2008,327.3
KEO,32.47,144.63,12/11/2008,329
KEO,32.47,144.63,12/12/2008,329.3
KEO,32.47,144.63,12/12/2008,333.5
KEO,32.47,144.63,12/12/2008,332.8
KEO,32.47,144.63,12/12/2008,331
KEO,32.47,144.63,12/12/2008,327
KEO,32.47,144.63,12/12/2008,329.3
KEO,32.47,144.63,12/12/2008,328.5
KEO,32.47,144.63,12/12/2008,329.2
KEO,32.47,144.63,12/13/2008,332.2
KEO,32.47,144.63,12/13/2008,328.6
KEO,32.47,144.63,12/13/2008,330.7
KEO,32.47,144.63,12/13/2008,329.6
KEO,32.47,144.63,12/13/2008,326
KEO,32.47,144.63,12/13/2008,331.6
KEO,32.47,144.63,12/13/2008,334.8
KEO,32.47,144.63,12/13/2008,334.9
KEO,32.47,144.63,12/14/2008,329.5
KEO,32.47,144.63,12/14/2008,333.7
KEO,32.47,144.63,12/14/2008,335.4
KEO,32.47,144.63,12/14/2008,334.3
KEO,32.47,144.63,12/14/2008,335.1
KEO,32.47,144.63,12/14/2008,331.8
KEO,32.47,144.63,12/14/2008,338
KEO,32.47,144.63,12/14/2008,343.2
KEO,32.47,144.63,12/15/2008,338.7
KEO,32.47,144.63,12/15/2008,352.8
KEO,32.47,144.63,12/15/2008,342.5
KEO,32.47,144.63,12/15/2008,361.1
KEO,32.47,144.63,12/15/2008,353.8
KEO,32.47,144.63,12/15/2008,344.1
KEO,32.47,144.63,12/15/2008,347.8
KEO,32.47,144.63,12/15/2008,335.8
KEO,32.47,144.63,12/16/2008,340.1
KEO,32.47,144.63,12/16/2008,342.9
KEO,32.47,144.63,12/16/2008,347.5
KEO,32.47,144.63,12/16/2008,344.2
KEO,32.47,144.63,12/16/2008,338.7
KEO,32.47,144.63,12/16/2008,339.8
KEO,32.47,144.63,12/16/2008,335.2
KEO,32.47,144.63,12/16/2008,340.1
KEO,32.47,144.63,12/17/2008,333.8
KEO,32.47,144.63,12/17/2008,331.5
KEO,32.47,144.63,12/17/2008,330.8
KEO,32.47,144.63,12/17/2008,330.7
KEO,32.47,144.63,12/17/2008,339
KEO,32.47,144.63,12/17/2008,341.9
KEO,32.47,144.63,12/17/2008,337.3
KEO,32.47,144.63,12/17/2008,334.5
KEO,32.47,144.63,12/18/2008,332
KEO,32.47,144.63,12/18/2008,337.7
KEO,32.47,144.63,12/18/2008,334.7
KEO,32.47,144.63,12/18/2008,333.5
KEO,32.47,144.63,12/18/2008,332.8
KEO,32.47,144.63,12/18/2008,332.6
KEO,32.47,144.63,12/18/2008,331.7
KEO,32.47,144.63,12/18/2008,331.1
KEO,32.47,144.63,12/19/2008,330.1
KEO,32.47,144.63,12/19/2008,331
KEO,32.47,144.63,12/19/2008,327.6
KEO,32.47,144.63,12/19/2008,328.8
KEO,32.47,144.63,12/19/2008,330.3
KEO,32.47,144.63,12/19/2008,330
KEO,32.47,144.63,12/19/2008,351.4
KEO,32.47,144.63,12/19/2008,330.9
KEO,32.47,144.63,12/20/2008,328.8
KEO,32.47,144.63,12/20/2008,330.4
KEO,32.47,144.63,12/20/2008,331.2
KEO,32.47,144.63,12/20/2008,327.8
KEO,32.47,144.63,12/20/2008,327.3
KEO,32.47,144.63,12/20/2008,328
KEO,32.47,144.63,12/20/2008,329
KEO,32.47,144.63,12/20/2008,327.9
KEO,32.47,144.63,12/21/2008,327.8
KEO,32.47,144.63,12/21/2008,328.3
KEO,32.47,144.63,12/21/2008,328
KEO,32.47,144.63,12/21/2008,326.7
KEO,32.47,144.63,12/21/2008,327.5
KEO,32.47,144.63,12/21/2008,327.5
KEO,32.47,144.63,12/21/2008,328.8
KEO,32.47,144.63,12/21/2008,329.3
KEO,32.47,144.63,12/22/2008,328.9
KEO,32.47,144.63,12/22/2008,329.1
KEO,32.47,144.63,12/22/2008,329.3
KEO,32.47,144.63,12/22/2008,329.6
KEO,32.47,144.63,12/22/2008,329.6
KEO,32.47,144.63,12/22/2008,332
KEO,32.47,144.63,12/22/2008,330.8
KEO,32.47,144.63,12/22/2008,331.4
KEO,32.47,144.63,12/23/2008,330.4
KEO,32.47,144.63,12/23/2008,331.7
KEO,32.47,144.63,12/23/2008,332.3
KEO,32.47,144.63,12/23/2008,331
KEO,32.47,144.63,12/23/2008,331.3
KEO,32.47,144.63,12/23/2008,329.5
KEO,32.47,144.63,12/23/2008,330.3
KEO,32.47,144.63,12/23/2008,328.1
KEO,32.47,144.63,12/24/2008,329.5
KEO,32.47,144.63,12/24/2008,329.8
KEO,32.47,144.63,12/24/2008,328.9
KEO,32.47,144.63,12/24/2008,328.5
KEO,32.47,144.63,12/24/2008,329.8
KEO,32.47,144.63,12/24/2008,327.9
KEO,32.47,144.63,12/24/2008,328.7
KEO,32.47,144.63,12/24/2008,329.7
KEO,32.47,144.63,12/25/2008,329.9
KEO,32.47,144.63,12/25/2008,332.3
KEO,32.47,144.63,12/25/2008,331.5
KEO,32.47,144.63,12/25/2008,330.9
KEO,32.47,144.63,12/25/2008,332.3
KEO,32.47,144.63,12/25/2008,332.7
KEO,32.47,144.63,12/25/2008,334.7
KEO,32.47,144.63,12/25/2008,334.8
KEO,32.47,144.63,12/26/2008,335.1
KEO,32.47,144.63,12/26/2008,331.2
KEO,32.47,144.63,12/26/2008,329.1
KEO,32.47,144.63,12/26/2008,327.9
KEO,32.47,144.63,12/26/2008,328
KEO,32.47,144.63,12/26/2008,328.3
KEO,32.47,144.63,12/26/2008,328
KEO,32.47,144.63,12/26/2008,327.7
KEO,32.47,144.63,12/27/2008,328
KEO,32.47,144.63,12/27/2008,329.9
KEO,32.47,144.63,12/27/2008,329.1
KEO,32.47,144.63,12/27/2008,328.5
KEO,32.47,144.63,12/27/2008,328.6
KEO,32.47,144.63,12/27/2008,329.2
KEO,32.47,144.63,12/27/2008,329.9
KEO,32.47,144.63,12/27/2008,331.3
KEO,32.47,144.63,12/28/2008,331.4
KEO,32.47,144.63,12/28/2008,333.5
KEO,32.47,144.63,12/28/2008,334.9
KEO,32.47,144.63,12/28/2008,333.8
KEO,32.47,144.63,12/28/2008,333.8
KEO,32.47,144.63,12/28/2008,333.3
KEO,32.47,144.63,12/28/2008,333.6
KEO,32.47,144.63,12/28/2008,330.9
KEO,32.47,144.63,12/29/2008,331.6
KEO,32.47,144.63,12/29/2008,332.1
KEO,32.47,144.63,12/29/2008,330.2
KEO,32.47,144.63,12/29/2008,329.8
KEO,32.47,144.63,12/29/2008,329.6
KEO,32.47,144.63,12/29/2008,330.4
KEO,32.47,144.63,12/29/2008,329.7
KEO,32.47,144.63,12/29/2008,331.9
KEO,32.47,144.63,12/30/2008,332.8
KEO,32.47,144.63,12/30/2008,334
KEO,32.47,144.63,12/30/2008,331.6
KEO,32.47,144.63,12/30/2008,331.7
KEO,32.47,144.63,12/30/2008,333.2
KEO,32.47,144.63,12/30/2008,333.5
KEO,32.47,144.63,12/30/2008,334
KEO,32.47,144.63,12/30/2008,334.1
KEO,32.47,144.63,12/31/2008,332.3
KEO,32.47,144.63,12/31/2008,331.5
KEO,32.47,144.63,12/31/2008,330.3
KEO,32.47,144.63,12/31/2008,328.6
KEO,32.47,144.63,12/31/2008,328.9
KEO,32.47,144.63,12/31/2008,330.1
KEO,32.47,144.63,12/31/2008,332.1
KEO,32.47,144.63,12/31/2008,333.6
KEO,32.47,144.63,1/1/2009,331.5
KEO,32.47,144.63,1/1/2009,331.1
KEO,32.47,144.63,1/1/2009,332
KEO,32.47,144.63,1/1/2009,331.5
KEO,32.47,144.63,1/1/2009,331.5
KEO,32.47,144.63,1/1/2009,330.8
KEO,32.47,144.63,1/1/2009,330.4
KEO,32.47,144.63,1/1/2009,333.2
KEO,32.47,144.63,1/2/2009,331.4
KEO,32.47,144.63,1/2/2009,330.8
KEO,32.47,144.63,1/2/2009,330.8
KEO,32.47,144.63,1/2/2009,330.2
KEO,32.47,144.63,1/2/2009,330.2
KEO,32.47,144.63,1/2/2009,330.6
KEO,32.47,144.63,1/2/2009,329.2
KEO,32.47,144.63,1/2/2009,329.8
KEO,32.47,144.63,1/3/2009,328.3
KEO,32.47,144.63,1/3/2009,329.4
KEO,32.47,144.63,1/3/2009,327.6
KEO,32.47,144.63,1/3/2009,328.4
KEO,32.47,144.63,1/3/2009,326.9
KEO,32.47,144.63,1/3/2009,326.2
KEO,32.47,144.63,1/3/2009,325.7
KEO,32.47,144.63,1/3/2009,325.5
KEO,32.47,144.63,1/4/2009,324.6
KEO,32.47,144.63,1/4/2009,325.9
KEO,32.47,144.63,1/4/2009,323.4
KEO,32.47,144.63,1/4/2009,323.9
KEO,32.47,144.63,1/4/2009,323.6
KEO,32.47,144.63,1/4/2009,324.7
KEO,32.47,144.63,1/4/2009,325.6
KEO,32.47,144.63,1/4/2009,325.4
KEO,32.47,144.63,1/5/2009,326.5
KEO,32.47,144.63,1/5/2009,327.7
KEO,32.47,144.63,1/5/2009,327.3
KEO,32.47,144.63,1/5/2009,327.2
KEO,32.47,144.63,1/5/2009,326.4
KEO,32.47,144.63,1/5/2009,326.8
KEO,32.47,144.63,1/5/2009,328.5
KEO,32.47,144.63,1/5/2009,328.2
KEO,32.47,144.63,1/6/2009,327.3
KEO,32.47,144.63,1/6/2009,327.5
KEO,32.47,144.63,1/6/2009,326.1
KEO,32.47,144.63,1/6/2009,324.8
KEO,32.47,144.63,1/6/2009,324.6
KEO,32.47,144.63,1/6/2009,324.6
KEO,32.47,144.63,1/6/2009,325.7
KEO,32.47,144.63,1/6/2009,325.9
KEO,32.47,144.63,1/7/2009,325.8
KEO,32.47,144.63,1/7/2009,325.6
KEO,32.47,144.63,1/7/2009,324.4
KEO,32.47,144.63,1/7/2009,323.4
KEO,32.47,144.63,1/7/2009,324.8
KEO,32.47,144.63,1/7/2009,324.7
KEO,32.47,144.63,1/7/2009,326.5
KEO,32.47,144.63,1/7/2009,326.6
KEO,32.47,144.63,1/8/2009,323.7
KEO,32.47,144.63,1/8/2009,324
KEO,32.47,144.63,1/8/2009,324
KEO,32.47,144.63,1/8/2009,324.6
KEO,32.47,144.63,1/8/2009,324.8
KEO,32.47,144.63,1/8/2009,325.4
KEO,32.47,144.63,1/8/2009,326.6
KEO,32.47,144.63,1/8/2009,326.2
KEO,32.47,144.63,1/9/2009,325.6
KEO,32.47,144.63,1/9/2009,327
KEO,32.47,144.63,1/9/2009,327.6
KEO,32.47,144.63,1/9/2009,327
KEO,32.47,144.63,1/9/2009,329.3
KEO,32.47,144.63,1/9/2009,332.9
KEO,32.47,144.63,1/9/2009,331.5
KEO,32.47,144.63,1/9/2009,331.7
KEO,32.47,144.63,1/10/2009,331
KEO,32.47,144.63,1/10/2009,330.5
KEO,32.47,144.63,1/10/2009,330.5
KEO,32.47,144.63,1/10/2009,330.7
KEO,32.47,144.63,1/10/2009,329.7
KEO,32.47,144.63,1/10/2009,329.8
KEO,32.47,144.63,1/10/2009,328.9
KEO,32.47,144.63,1/10/2009,327.8
KEO,32.47,144.63,1/11/2009,327.3
KEO,32.47,144.63,1/11/2009,326.8
KEO,32.47,144.63,1/11/2009,325.5
KEO,32.47,144.63,1/11/2009,324.4
KEO,32.47,144.63,1/11/2009,324.6
KEO,32.47,144.63,1/11/2009,324.3
KEO,32.47,144.63,1/11/2009,326
KEO,32.47,144.63,1/11/2009,325.9
KEO,32.47,144.63,1/12/2009,326.4
KEO,32.47,144.63,1/12/2009,327.4
KEO,32.47,144.63,1/12/2009,326.9
KEO,32.47,144.63,1/12/2009,330
KEO,32.47,144.63,1/12/2009,329.2
KEO,32.47,144.63,1/12/2009,328.1
KEO,32.47,144.63,1/12/2009,328.5
KEO,32.47,144.63,1/12/2009,327.3
KEO,32.47,144.63,1/13/2009,328
KEO,32.47,144.63,1/13/2009,329.9
KEO,32.47,144.63,1/13/2009,328.1
KEO,32.47,144.63,1/13/2009,329
KEO,32.47,144.63,1/13/2009,329
KEO,32.47,144.63,1/13/2009,328.2
KEO,32.47,144.63,1/13/2009,326.4
KEO,32.47,144.63,1/13/2009,325.7
KEO,32.47,144.63,1/14/2009,326.2
KEO,32.47,144.63,1/14/2009,327.2
KEO,32.47,144.63,1/14/2009,326.2
KEO,32.47,144.63,1/14/2009,323
KEO,32.47,144.63,1/14/2009,321.9
KEO,32.47,144.63,1/14/2009,323.1
KEO,32.47,144.63,1/14/2009,323.4
KEO,32.47,144.63,1/14/2009,324.3
KEO,32.47,144.63,1/15/2009,324.5
KEO,32.47,144.63,1/15/2009,325
KEO,32.47,144.63,1/15/2009,324.4
KEO,32.47,144.63,1/15/2009,323.3
KEO,32.47,144.63,1/15/2009,322.6
KEO,32.47,144.63,1/15/2009,322.7
KEO,32.47,144.63,1/15/2009,322.4
KEO,32.47,144.63,1/15/2009,323.4
KEO,32.47,144.63,1/16/2009,322.8
KEO,32.47,144.63,1/16/2009,321.7
KEO,32.47,144.63,1/16/2009,320.5
KEO,32.47,144.63,1/16/2009,322
KEO,32.47,144.63,1/16/2009,324.6
KEO,32.47,144.63,1/16/2009,324.7
KEO,32.47,144.63,1/16/2009,325.3
KEO,32.47,144.63,1/16/2009,324.2
KEO,32.47,144.63,1/17/2009,321.6
KEO,32.47,144.63,1/17/2009,324
KEO,32.47,144.63,1/17/2009,322.8
KEO,32.47,144.63,1/17/2009,323.2
KEO,32.47,144.63,1/17/2009,322.5
KEO,32.47,144.63,1/17/2009,322.2
KEO,32.47,144.63,1/17/2009,321.1
KEO,32.47,144.63,1/17/2009,321.1
KEO,32.47,144.63,1/18/2009,320.6
KEO,32.47,144.63,1/18/2009,321.4
KEO,32.47,144.63,1/18/2009,321.5
KEO,32.47,144.63,1/18/2009,321.5
KEO,32.47,144.63,1/18/2009,321.1
KEO,32.47,144.63,1/18/2009,321.3
KEO,32.47,144.63,1/18/2009,322.3
KEO,32.47,144.63,1/18/2009,325.1
KEO,32.47,144.63,1/19/2009,324.9
KEO,32.47,144.63,1/19/2009,326
KEO,32.47,144.63,1/19/2009,327.5
KEO,32.47,144.63,1/19/2009,326.9
KEO,32.47,144.63,1/19/2009,325.1
KEO,32.47,144.63,1/19/2009,324.7
KEO,32.47,144.63,1/19/2009,324.6
KEO,32.47,144.63,1/19/2009,324.2
KEO,32.47,144.63,1/20/2009,323.6
KEO,32.47,144.63,1/20/2009,324.3
KEO,32.47,144.63,1/20/2009,322.1
KEO,32.47,144.63,1/20/2009,322.2
KEO,32.47,144.63,1/20/2009,322.8
KEO,32.47,144.63,1/20/2009,324.5
KEO,32.47,144.63,1/20/2009,325.2
KEO,32.47,144.63,1/20/2009,325.2
KEO,32.47,144.63,1/21/2009,324.9
KEO,32.47,144.63,1/21/2009,326.5
KEO,32.47,144.63,1/21/2009,324.6
KEO,32.47,144.63,1/21/2009,323.8
KEO,32.47,144.63,1/21/2009,324.1
KEO,32.47,144.63,1/21/2009,324.4
KEO,32.47,144.63,1/21/2009,324.7
KEO,32.47,144.63,1/21/2009,326.2
KEO,32.47,144.63,1/22/2009,325.2
KEO,32.47,144.63,1/22/2009,328
KEO,32.47,144.63,1/22/2009,327.1
KEO,32.47,144.63,1/22/2009,326
KEO,32.47,144.63,1/22/2009,326.5
KEO,32.47,144.63,1/22/2009,322.7
KEO,32.47,144.63,1/22/2009,325.4
KEO,32.47,144.63,1/22/2009,327.3
KEO,32.47,144.63,1/23/2009,328.4
KEO,32.47,144.63,1/23/2009,330.5
KEO,32.47,144.63,1/23/2009,330.2
KEO,32.47,144.63,1/23/2009,330.9
KEO,32.47,144.63,1/23/2009,330.3
KEO,32.47,144.63,1/23/2009,330.1
KEO,32.47,144.63,1/23/2009,330.2
KEO,32.47,144.63,1/23/2009,331.1
KEO,32.47,144.63,1/24/2009,329.6
KEO,32.47,144.63,1/24/2009,329.6
KEO,32.47,144.63,1/24/2009,329.3
KEO,32.47,144.63,1/24/2009,328.4
KEO,32.47,144.63,1/24/2009,332
KEO,32.47,144.63,1/24/2009,322.4
KEO,32.47,144.63,1/24/2009,327.1
KEO,32.47,144.63,1/24/2009,326.8
KEO,32.47,144.63,1/25/2009,325.8
KEO,32.47,144.63,1/25/2009,325.7
KEO,32.47,144.63,1/25/2009,324.3
KEO,32.47,144.63,1/25/2009,324.5
KEO,32.47,144.63,1/25/2009,324.5
KEO,32.47,144.63,1/25/2009,323.9
KEO,32.47,144.63,1/25/2009,326.9
KEO,32.47,144.63,1/25/2009,328.6
KEO,32.47,144.63,1/26/2009,325.9
KEO,32.47,144.63,1/26/2009,325.8
KEO,32.47,144.63,1/26/2009,325.9
KEO,32.47,144.63,1/26/2009,323.9
KEO,32.47,144.63,1/26/2009,325.1
KEO,32.47,144.63,1/26/2009,324.8
KEO,32.47,144.63,1/26/2009,325.3
KEO,32.47,144.63,1/26/2009,325.3
KEO,32.47,144.63,1/27/2009,325.5
KEO,32.47,144.63,1/27/2009,325.5
KEO,32.47,144.63,1/27/2009,325.4
KEO,32.47,144.63,1/27/2009,324.3
KEO,32.47,144.63,1/27/2009,324.3
KEO,32.47,144.63,1/27/2009,323
KEO,32.47,144.63,1/27/2009,325.2
KEO,32.47,144.63,1/27/2009,323.3
KEO,32.47,144.63,1/28/2009,323.5
KEO,32.47,144.63,1/28/2009,324.1
KEO,32.47,144.63,1/28/2009,323
KEO,32.47,144.63,1/28/2009,322.8
KEO,32.47,144.63,1/28/2009,323.1
KEO,32.47,144.63,1/28/2009,322.8
KEO,32.47,144.63,1/28/2009,323.7
KEO,32.47,144.63,1/28/2009,323.5
KEO,32.47,144.63,1/29/2009,323.9
KEO,32.47,144.63,1/29/2009,324.4
KEO,32.47,144.63,1/29/2009,323.9
KEO,32.47,144.63,1/29/2009,323.7
KEO,32.47,144.63,1/29/2009,324.4
KEO,32.47,144.63,1/29/2009,324.3
KEO,32.47,144.63,1/29/2009,324.3
KEO,32.47,144.63,1/29/2009,324.6
KEO,32.47,144.63,1/30/2009,324.4
KEO,32.47,144.63,1/30/2009,325.6
KEO,32.47,144.63,1/30/2009,325.3
KEO,32.47,144.63,1/30/2009,325.2
KEO,32.47,144.63,1/30/2009,325
KEO,32.47,144.63,1/30/2009,326.8
KEO,32.47,144.63,1/30/2009,328.7
KEO,32.47,144.63,1/30/2009,332.9
KEO,32.47,144.63,1/31/2009,331.3
KEO,32.47,144.63,1/31/2009,332.8
KEO,32.47,144.63,1/31/2009,334.2
KEO,32.47,144.63,1/31/2009,333.9
KEO,32.47,144.63,1/31/2009,334.1
KEO,32.47,144.63,1/31/2009,333.9
KEO,32.47,144.63,1/31/2009,331.6
KEO,32.47,144.63,1/31/2009,331.2
KEO,32.47,144.63,2/1/2009,329.3
KEO,32.47,144.63,2/1/2009,327.3
KEO,32.47,144.63,2/1/2009,324.5
KEO,32.47,144.63,2/1/2009,322.7
KEO,32.47,144.63,2/1/2009,322.4
KEO,32.47,144.63,2/1/2009,322.7
KEO,32.47,144.63,2/1/2009,322.7
KEO,32.47,144.63,2/1/2009,321.5
KEO,32.47,144.63,2/2/2009,321
KEO,32.47,144.63,2/2/2009,321.3
KEO,32.47,144.63,2/2/2009,320.6
KEO,32.47,144.63,2/2/2009,320.4
KEO,32.47,144.63,2/2/2009,320.6
KEO,32.47,144.63,2/2/2009,321.2
KEO,32.47,144.63,2/2/2009,322
KEO,32.47,144.63,2/2/2009,322.4
KEO,32.47,144.63,2/3/2009,323.3
KEO,32.47,144.63,2/3/2009,325
KEO,32.47,144.63,2/3/2009,325.2
KEO,32.47,144.63,2/3/2009,325
KEO,32.47,144.63,2/3/2009,327.5
KEO,32.47,144.63,2/3/2009,327.7
KEO,32.47,144.63,2/3/2009,327.1
KEO,32.47,144.63,2/3/2009,326.9
KEO,32.47,144.63,2/4/2009,326.3
KEO,32.47,144.63,2/4/2009,327.9
KEO,32.47,144.63,2/4/2009,327.8
KEO,32.47,144.63,2/4/2009,328.6
KEO,32.47,144.63,2/4/2009,328.1
KEO,32.47,144.63,2/4/2009,329.2
KEO,32.47,144.63,2/4/2009,328.8
KEO,32.47,144.63,2/4/2009,329.4
KEO,32.47,144.63,2/5/2009,328.7
KEO,32.47,144.63,2/5/2009,328.8
KEO,32.47,144.63,2/5/2009,328.8
KEO,32.47,144.63,2/5/2009,329.9
KEO,32.47,144.63,2/5/2009,330
KEO,32.47,144.63,2/5/2009,330.1
KEO,32.47,144.63,2/5/2009,331.5
KEO,32.47,144.63,2/5/2009,331.3
KEO,32.47,144.63,2/6/2009,331.2
KEO,32.47,144.63,2/6/2009,330.2
KEO,32.47,144.63,2/6/2009,330
KEO,32.47,144.63,2/6/2009,329.3
KEO,32.47,144.63,2/6/2009,328.2
KEO,32.47,144.63,2/6/2009,327.1
KEO,32.47,144.63,2/6/2009,326.4
KEO,32.47,144.63,2/6/2009,326.6
KEO,32.47,144.63,2/7/2009,325.8
KEO,32.47,144.63,2/7/2009,325.4
KEO,32.47,144.63,2/7/2009,325.8
KEO,32.47,144.63,2/7/2009,325.4
KEO,32.47,144.63,2/7/2009,325.8
KEO,32.47,144.63,2/7/2009,327.2
KEO,32.47,144.63,2/7/2009,329.2
KEO,32.47,144.63,2/7/2009,329.7
KEO,32.47,144.63,2/8/2009,329.2
KEO,32.47,144.63,2/8/2009,329.3
KEO,32.47,144.63,2/8/2009,328.3
KEO,32.47,144.63,2/8/2009,327.1
KEO,32.47,144.63,2/8/2009,326.7
KEO,32.47,144.63,2/8/2009,326.9
KEO,32.47,144.63,2/8/2009,326.2
KEO,32.47,144.63,2/8/2009,326.2
KEO,32.47,144.63,2/9/2009,326.3
KEO,32.47,144.63,2/9/2009,327.4
KEO,32.47,144.63,2/9/2009,326
KEO,32.47,144.63,2/9/2009,327.5
KEO,32.47,144.63,2/9/2009,329.5
KEO,32.47,144.63,2/9/2009,329.4
KEO,32.47,144.63,2/9/2009,329.2
KEO,32.47,144.63,2/9/2009,331.7
KEO,32.47,144.63,2/10/2009,328.4
KEO,32.47,144.63,2/10/2009,331
KEO,32.47,144.63,2/10/2009,331
KEO,32.47,144.63,2/10/2009,328.8
KEO,32.47,144.63,2/10/2009,329.2
KEO,32.47,144.63,2/10/2009,330.4
KEO,32.47,144.63,2/10/2009,330.1
KEO,32.47,144.63,2/10/2009,328.8
KEO,32.47,144.63,2/11/2009,328.5
KEO,32.47,144.63,2/11/2009,332.3
KEO,32.47,144.63,2/11/2009,327.7
KEO,32.47,144.63,2/11/2009,328.6
KEO,32.47,144.63,2/11/2009,330.1
KEO,32.47,144.63,2/11/2009,330
KEO,32.47,144.63,2/11/2009,331
KEO,32.47,144.63,2/11/2009,330.5
KEO,32.47,144.63,2/12/2009,327.4
KEO,32.47,144.63,2/12/2009,327.3
KEO,32.47,144.63,2/12/2009,325.4
KEO,32.47,144.63,2/12/2009,322.8
KEO,32.47,144.63,2/12/2009,322.3
KEO,32.47,144.63,2/12/2009,323.6
KEO,32.47,144.63,2/12/2009,322.8
KEO,32.47,144.63,2/12/2009,322.5
KEO,32.47,144.63,2/13/2009,322.6
KEO,32.47,144.63,2/13/2009,322.7
KEO,32.47,144.63,2/13/2009,321.7
KEO,32.47,144.63,2/13/2009,321.8
KEO,32.47,144.63,2/13/2009,322.3
KEO,32.47,144.63,2/13/2009,323.4
KEO,32.47,144.63,2/13/2009,326
KEO,32.47,144.63,2/13/2009,327.1
KEO,32.47,144.63,2/14/2009,328.6
KEO,32.47,144.63,2/14/2009,329
KEO,32.47,144.63,2/14/2009,328.4
KEO,32.47,144.63,2/14/2009,328.5
KEO,32.47,144.63,2/14/2009,328.5
KEO,32.47,144.63,2/14/2009,329.8
KEO,32.47,144.63,2/14/2009,328.7
KEO,32.47,144.63,2/14/2009,327.7
KEO,32.47,144.63,2/15/2009,327.6
KEO,32.47,144.63,2/15/2009,329.6
KEO,32.47,144.63,2/15/2009,328.7
KEO,32.47,144.63,2/15/2009,326.5
KEO,32.47,144.63,2/15/2009,325.9
KEO,32.47,144.63,2/15/2009,326.4
KEO,32.47,144.63,2/15/2009,326.3
KEO,32.47,144.63,2/15/2009,326.6
KEO,32.47,144.63,2/16/2009,326.7
KEO,32.47,144.63,2/16/2009,326.1
KEO,32.47,144.63,2/16/2009,325.6
KEO,32.47,144.63,2/16/2009,327.3
KEO,32.47,144.63,2/16/2009,327
KEO,32.47,144.63,2/16/2009,326.6
KEO,32.47,144.63,2/16/2009,327.4
KEO,32.47,144.63,2/16/2009,326.6
KEO,32.47,144.63,2/17/2009,324.7
KEO,32.47,144.63,2/17/2009,324.6
KEO,32.47,144.63,2/17/2009,324.7
KEO,32.47,144.63,2/17/2009,325.2
KEO,32.47,144.63,2/17/2009,323.8
KEO,32.47,144.63,2/17/2009,324.3
KEO,32.47,144.63,2/17/2009,324
KEO,32.47,144.63,2/17/2009,323.5
KEO,32.47,144.63,2/18/2009,324.2
KEO,32.47,144.63,2/18/2009,324.3
KEO,32.47,144.63,2/18/2009,323.4
KEO,32.47,144.63,2/18/2009,323.7
KEO,32.47,144.63,2/18/2009,323.7
KEO,32.47,144.63,2/18/2009,324.3
KEO,32.47,144.63,2/18/2009,323.8
KEO,32.47,144.63,2/18/2009,322.6
KEO,32.47,144.63,2/19/2009,325.7
KEO,32.47,144.63,2/19/2009,324.5
KEO,32.47,144.63,2/19/2009,323.6
KEO,32.47,144.63,2/19/2009,323
KEO,32.47,144.63,2/19/2009,323
KEO,32.47,144.63,2/19/2009,323.7
KEO,32.47,144.63,2/19/2009,325
KEO,32.47,144.63,2/19/2009,324.7
KEO,32.47,144.63,2/20/2009,325.8
KEO,32.47,144.63,2/20/2009,328.5
KEO,32.47,144.63,2/20/2009,330.6
KEO,32.47,144.63,2/20/2009,332
KEO,32.47,144.63,2/20/2009,333.6
KEO,32.47,144.63,2/20/2009,332.6
KEO,32.47,144.63,2/20/2009,331.4
KEO,32.47,144.63,2/20/2009,330.1
KEO,32.47,144.63,2/21/2009,329.1
KEO,32.47,144.63,2/21/2009,329.3
KEO,32.47,144.63,2/21/2009,328.2
KEO,32.47,144.63,2/21/2009,327
KEO,32.47,144.63,2/21/2009,325.3
KEO,32.47,144.63,2/21/2009,325.9
KEO,32.47,144.63,2/21/2009,325.2
KEO,32.47,144.63,2/21/2009,326.1
KEO,32.47,144.63,2/22/2009,327.9
KEO,32.47,144.63,2/22/2009,327.5
KEO,32.47,144.63,2/22/2009,326.6
KEO,32.47,144.63,2/22/2009,327.8
KEO,32.47,144.63,2/22/2009,328.5
KEO,32.47,144.63,2/22/2009,329.2
KEO,32.47,144.63,2/22/2009,326.8
KEO,32.47,144.63,2/22/2009,328.8
KEO,32.47,144.63,2/23/2009,328.4
KEO,32.47,144.63,2/23/2009,330.8
KEO,32.47,144.63,2/23/2009,331.1
KEO,32.47,144.63,2/23/2009,331.9
KEO,32.47,144.63,2/23/2009,329.1
KEO,32.47,144.63,2/23/2009,326
KEO,32.47,144.63,2/23/2009,329.7
KEO,32.47,144.63,2/23/2009,330.5
KEO,32.47,144.63,2/24/2009,330.3
KEO,32.47,144.63,2/24/2009,329.5
KEO,32.47,144.63,2/24/2009,329.4
KEO,32.47,144.63,2/24/2009,331
KEO,32.47,144.63,2/24/2009,332.5
KEO,32.47,144.63,2/24/2009,332.2
KEO,32.47,144.63,2/24/2009,330.3
KEO,32.47,144.63,2/24/2009,329
KEO,32.47,144.63,2/25/2009,329.5
KEO,32.47,144.63,2/25/2009,330.3
KEO,32.47,144.63,2/25/2009,331.3
KEO,32.47,144.63,2/25/2009,332.6
KEO,32.47,144.63,2/25/2009,331.8
KEO,32.47,144.63,2/25/2009,333.8
KEO,32.47,144.63,2/25/2009,331.8
KEO,32.47,144.63,2/25/2009,329.6
KEO,32.47,144.63,2/26/2009,324.4
KEO,32.47,144.63,2/26/2009,331.1
KEO,32.47,144.63,2/26/2009,325.4
KEO,32.47,144.63,2/26/2009,326.8
KEO,32.47,144.63,2/26/2009,327.6
KEO,32.47,144.63,2/26/2009,329.1
KEO,32.47,144.63,2/26/2009,329.6
KEO,32.47,144.63,2/26/2009,329
KEO,32.47,144.63,2/27/2009,326.6
KEO,32.47,144.63,2/27/2009,326.1
KEO,32.47,144.63,2/27/2009,325.9
KEO,32.47,144.63,2/27/2009,324.7
KEO,32.47,144.63,2/27/2009,325.8
KEO,32.47,144.63,2/27/2009,325.8
KEO,32.47,144.63,2/27/2009,326.5
KEO,32.47,144.63,2/27/2009,326.1
KEO,32.47,144.63,2/28/2009,324.5
KEO,32.47,144.63,2/28/2009,323.8
KEO,32.47,144.63,2/28/2009,323.9
KEO,32.47,144.63,2/28/2009,322.7
KEO,32.47,144.63,2/28/2009,322.9
KEO,32.47,144.63,2/28/2009,323.4
KEO,32.47,144.63,2/28/2009,323.3
KEO,32.47,144.63,2/28/2009,323.9
KEO,32.47,144.63,3/1/2009,325
KEO,32.47,144.63,3/1/2009,326.3
KEO,32.47,144.63,3/1/2009,326.5
KEO,32.47,144.63,3/1/2009,326.8
KEO,32.47,144.63,3/1/2009,327.3
KEO,32.47,144.63,3/1/2009,326.6
KEO,32.47,144.63,3/1/2009,326.2
KEO,32.47,144.63,3/1/2009,325.8
KEO,32.47,144.63,3/2/2009,325.2
KEO,32.47,144.63,3/2/2009,325.5
KEO,32.47,144.63,3/2/2009,323.5
KEO,32.47,144.63,3/2/2009,322.9
KEO,32.47,144.63,3/2/2009,322.3
KEO,32.47,144.63,3/2/2009,321.9
KEO,32.47,144.63,3/2/2009,323
KEO,32.47,144.63,3/2/2009,322.2
KEO,32.47,144.63,3/3/2009,322
KEO,32.47,144.63,3/3/2009,322.9
KEO,32.47,144.63,3/3/2009,322.1
KEO,32.47,144.63,3/3/2009,321.9
KEO,32.47,144.63,3/3/2009,322.5
KEO,32.47,144.63,3/3/2009,323.8
KEO,32.47,144.63,3/3/2009,325.9
KEO,32.47,144.63,3/3/2009,327.4
KEO,32.47,144.63,3/4/2009,327.7
KEO,32.47,144.63,3/4/2009,327.1
KEO,32.47,144.63,3/4/2009,328.5
KEO,32.47,144.63,3/4/2009,328.5
KEO,32.47,144.63,3/4/2009,327.3
KEO,32.47,144.63,3/4/2009,325.3
KEO,32.47,144.63,3/4/2009,325.6
KEO,32.47,144.63,3/4/2009,323.4
KEO,32.47,144.63,3/5/2009,322.7
KEO,32.47,144.63,3/5/2009,323.2
KEO,32.47,144.63,3/5/2009,322.2
KEO,32.47,144.63,3/5/2009,320.7
KEO,32.47,144.63,3/5/2009,320.8
KEO,32.47,144.63,3/5/2009,320.8
KEO,32.47,144.63,3/5/2009,320.9
KEO,32.47,144.63,3/5/2009,321.8
KEO,32.47,144.63,3/6/2009,322.7
KEO,32.47,144.63,3/6/2009,324.7
KEO,32.47,144.63,3/6/2009,327.6
KEO,32.47,144.63,3/6/2009,328.4
KEO,32.47,144.63,3/6/2009,329.4
KEO,32.47,144.63,3/6/2009,329.9
KEO,32.47,144.63,3/6/2009,329.1
KEO,32.47,144.63,3/6/2009,327.9
KEO,32.47,144.63,3/7/2009,327.6
KEO,32.47,144.63,3/7/2009,326.7
KEO,32.47,144.63,3/7/2009,326.2
KEO,32.47,144.63,3/7/2009,325.9
KEO,32.47,144.63,3/7/2009,325.1
KEO,32.47,144.63,3/7/2009,325
KEO,32.47,144.63,3/7/2009,324.7
KEO,32.47,144.63,3/7/2009,324.1
KEO,32.47,144.63,3/8/2009,323.3
KEO,32.47,144.63,3/8/2009,320.6
KEO,32.47,144.63,3/8/2009,320.5
KEO,32.47,144.63,3/8/2009,325.7
KEO,32.47,144.63,3/8/2009,325.8
KEO,32.47,144.63,3/8/2009,326.8
KEO,32.47,144.63,3/8/2009,325
KEO,32.47,144.63,3/8/2009,323.7
KEO,32.47,144.63,3/9/2009,325.5
KEO,32.47,144.63,3/9/2009,325.5
KEO,32.47,144.63,3/9/2009,325.7
KEO,32.47,144.63,3/9/2009,324.8
KEO,32.47,144.63,3/9/2009,325.4
KEO,32.47,144.63,3/9/2009,325.2
KEO,32.47,144.63,3/9/2009,328.7
KEO,32.47,144.63,3/9/2009,331.8
KEO,32.47,144.63,3/10/2009,332.2
KEO,32.47,144.63,3/10/2009,330.8
KEO,32.47,144.63,3/10/2009,328.1
KEO,32.47,144.63,3/10/2009,327.5
KEO,32.47,144.63,3/10/2009,326.6
KEO,32.47,144.63,3/10/2009,327.4
KEO,32.47,144.63,3/10/2009,328.4
KEO,32.47,144.63,3/10/2009,327.9
KEO,32.47,144.63,3/11/2009,327.3
KEO,32.47,144.63,3/11/2009,325.8
KEO,32.47,144.63,3/11/2009,324.7
KEO,32.47,144.63,3/11/2009,325.4
KEO,32.47,144.63,3/11/2009,324.7
KEO,32.47,144.63,3/11/2009,326.3
KEO,32.47,144.63,3/11/2009,324.1
KEO,32.47,144.63,3/11/2009,323.3
KEO,32.47,144.63,3/12/2009,323.1
KEO,32.47,144.63,3/12/2009,321.3
KEO,32.47,144.63,3/12/2009,321.5
KEO,32.47,144.63,3/12/2009,320.4
KEO,32.47,144.63,3/12/2009,319.5
KEO,32.47,144.63,3/12/2009,320.9
KEO,32.47,144.63,3/12/2009,321.8
KEO,32.47,144.63,3/12/2009,320.8
KEO,32.47,144.63,3/13/2009,321.8
KEO,32.47,144.63,3/13/2009,323.1
KEO,32.47,144.63,3/13/2009,322.6
KEO,32.47,144.63,3/13/2009,321.4
KEO,32.47,144.63,3/13/2009,321
KEO,32.47,144.63,3/13/2009,321.8
KEO,32.47,144.63,3/13/2009,322.5
KEO,32.47,144.63,3/13/2009,325.8
KEO,32.47,144.63,3/14/2009,326.9
KEO,32.47,144.63,3/14/2009,329.5
KEO,32.47,144.63,3/14/2009,330.1
KEO,32.47,144.63,3/14/2009,331.7
KEO,32.47,144.63,3/14/2009,327.6
KEO,32.47,144.63,3/14/2009,325.5
KEO,32.47,144.63,3/14/2009,324.6
KEO,32.47,144.63,3/14/2009,324.9
KEO,32.47,144.63,3/15/2009,325.4
KEO,32.47,144.63,3/15/2009,326.6
KEO,32.47,144.63,3/15/2009,327.6
KEO,32.47,144.63,3/15/2009,325.4
KEO,32.47,144.63,3/15/2009,324.9
KEO,32.47,144.63,3/15/2009,325
KEO,32.47,144.63,3/15/2009,325.6
KEO,32.47,144.63,3/15/2009,325.4
KEO,32.47,144.63,3/16/2009,326.5
KEO,32.47,144.63,3/16/2009,327
KEO,32.47,144.63,3/16/2009,326.4
KEO,32.47,144.63,3/16/2009,323.2
KEO,32.47,144.63,3/16/2009,322
KEO,32.47,144.63,3/16/2009,322.8
KEO,32.47,144.63,3/16/2009,322.9
KEO,32.47,144.63,3/16/2009,323.7
KEO,32.47,144.63,3/17/2009,325.2
KEO,32.47,144.63,3/17/2009,326.3
KEO,32.47,144.63,3/17/2009,325.3
KEO,32.47,144.63,3/17/2009,324
KEO,32.47,144.63,3/17/2009,323.4
KEO,32.47,144.63,3/17/2009,322.8
KEO,32.47,144.63,3/17/2009,319.9
KEO,32.47,144.63,3/17/2009,320.6
KEO,32.47,144.63,3/18/2009,321.3
KEO,32.47,144.63,3/18/2009,326.2
KEO,32.47,144.63,3/18/2009,332.5
KEO,32.47,144.63,3/18/2009,326.4
KEO,32.47,144.63,3/18/2009,322.9
KEO,32.47,144.63,3/18/2009,325.6
KEO,32.47,144.63,3/18/2009,322.3
KEO,32.47,144.63,3/18/2009,325.1
KEO,32.47,144.63,3/19/2009,323.8
KEO,32.47,144.63,3/19/2009,323.8
KEO,32.47,144.63,3/19/2009,320.3
KEO,32.47,144.63,3/19/2009,320.7
KEO,32.47,144.63,3/19/2009,320.4
KEO,32.47,144.63,3/19/2009,320.9
KEO,32.47,144.63,3/19/2009,323.2
KEO,32.47,144.63,3/19/2009,321.4
KEO,32.47,144.63,3/20/2009,320.8
KEO,32.47,144.63,3/20/2009,325
KEO,32.47,144.63,3/20/2009,326.9
KEO,32.47,144.63,3/20/2009,326.3
KEO,32.47,144.63,3/20/2009,325.7
KEO,32.47,144.63,3/20/2009,323.6
KEO,32.47,144.63,3/20/2009,321.5
KEO,32.47,144.63,3/20/2009,320.3
KEO,32.47,144.63,3/21/2009,319.9
KEO,32.47,144.63,3/21/2009,319.2
KEO,32.47,144.63,3/21/2009,317.4
KEO,32.47,144.63,3/21/2009,317.8
KEO,32.47,144.63,3/21/2009,318.8
KEO,32.47,144.63,3/21/2009,317.2
KEO,32.47,144.63,3/21/2009,318.1
KEO,32.47,144.63,3/21/2009,319.5
KEO,32.47,144.63,3/22/2009,320.9
KEO,32.47,144.63,3/22/2009,321.5
KEO,32.47,144.63,3/22/2009,320.6
KEO,32.47,144.63,3/22/2009,322.9
KEO,32.47,144.63,3/22/2009,328.1
KEO,32.47,144.63,3/22/2009,328.2
KEO,32.47,144.63,3/22/2009,330.9
KEO,32.47,144.63,3/22/2009,333.6
KEO,32.47,144.63,3/23/2009,333.8
KEO,32.47,144.63,3/23/2009,330.6
KEO,32.47,144.63,3/23/2009,329
KEO,32.47,144.63,3/23/2009,326.2
KEO,32.47,144.63,3/23/2009,326.2
KEO,32.47,144.63,3/23/2009,324.5
KEO,32.47,144.63,3/23/2009,324.2
KEO,32.47,144.63,3/23/2009,329.8
KEO,32.47,144.63,3/24/2009,326.8
KEO,32.47,144.63,3/24/2009,322.5
KEO,32.47,144.63,3/24/2009,320.2
KEO,32.47,144.63,3/24/2009,317.9
KEO,32.47,144.63,3/24/2009,320.4
KEO,32.47,144.63,3/24/2009,311.8
KEO,32.47,144.63,3/24/2009,321.5
KEO,32.47,144.63,3/24/2009,321
KEO,32.47,144.63,3/25/2009,323
KEO,32.47,144.63,3/25/2009,324.3
KEO,32.47,144.63,3/25/2009,324.2
KEO,32.47,144.63,3/25/2009,324.9
KEO,32.47,144.63,3/25/2009,325.4
KEO,32.47,144.63,3/25/2009,325.9
KEO,32.47,144.63,3/25/2009,326.2
KEO,32.47,144.63,3/25/2009,324.9
KEO,32.47,144.63,3/26/2009,324
KEO,32.47,144.63,3/26/2009,323.5
KEO,32.47,144.63,3/26/2009,322.1
KEO,32.47,144.63,3/26/2009,322
KEO,32.47,144.63,3/26/2009,319.5
KEO,32.47,144.63,3/26/2009,325.6
KEO,32.47,144.63,3/26/2009,326.1
KEO,32.47,144.63,3/26/2009,325.8
KEO,32.47,144.63,3/27/2009,325.3
KEO,32.47,144.63,3/27/2009,320.4
KEO,32.47,144.63,3/27/2009,321.8
KEO,32.47,144.63,3/27/2009,322.8
KEO,32.47,144.63,3/27/2009,322
KEO,32.47,144.63,3/27/2009,319.8
KEO,32.47,144.63,3/27/2009,320.1
KEO,32.47,144.63,3/27/2009,320.7
KEO,32.47,144.63,3/28/2009,321.8
KEO,32.47,144.63,3/28/2009,324.3
KEO,32.47,144.63,3/28/2009,323.2
KEO,32.47,144.63,3/28/2009,321.8
KEO,32.47,144.63,3/28/2009,322.1
KEO,32.47,144.63,3/28/2009,323.2
KEO,32.47,144.63,3/28/2009,323.4
KEO,32.47,144.63,3/28/2009,323.3
KEO,32.47,144.63,3/29/2009,322.3
KEO,32.47,144.63,3/29/2009,322.3
KEO,32.47,144.63,3/29/2009,320.7
KEO,32.47,144.63,3/29/2009,318.7
KEO,32.47,144.63,3/29/2009,324.9
KEO,32.47,144.63,3/29/2009,321.1
KEO,32.47,144.63,3/29/2009,320.5
KEO,32.47,144.63,3/29/2009,319.5
KEO,32.47,144.63,3/30/2009,318.7
KEO,32.47,144.63,3/30/2009,317.8
KEO,32.47,144.63,3/30/2009,317.5
KEO,32.47,144.63,3/30/2009,315.3
KEO,32.47,144.63,3/30/2009,317.8
KEO,32.47,144.63,3/30/2009,317.8
KEO,32.47,144.63,3/30/2009,315.2
KEO,32.47,144.63,3/30/2009,315.2
KEO,32.47,144.63,3/31/2009,316.4
KEO,32.47,144.63,3/31/2009,317.8
KEO,32.47,144.63,3/31/2009,319.3
KEO,32.47,144.63,3/31/2009,320.3
KEO,32.47,144.63,3/31/2009,319.8
KEO,32.47,144.63,3/31/2009,321.2
KEO,32.47,144.63,3/31/2009,319.1
KEO,32.47,144.63,3/31/2009,317.6
KEO,32.47,144.63,4/1/2009,320.2
KEO,32.47,144.63,4/1/2009,321.1
KEO,32.47,144.63,4/1/2009,320.3
KEO,32.47,144.63,4/1/2009,320.7
KEO,32.47,144.63,4/1/2009,320.3
KEO,32.47,144.63,4/1/2009,320.7
KEO,32.47,144.63,4/1/2009,324.4
KEO,32.47,144.63,4/1/2009,323.3
KEO,32.47,144.63,4/2/2009,322
KEO,32.47,144.63,4/2/2009,321.6
KEO,32.47,144.63,4/2/2009,325.8
KEO,32.47,144.63,4/2/2009,321.9
KEO,32.47,144.63,4/2/2009,319
KEO,32.47,144.63,4/2/2009,320
KEO,32.47,144.63,4/2/2009,320.2
KEO,32.47,144.63,4/2/2009,320.5
KEO,32.47,144.63,4/3/2009,318.7
KEO,32.47,144.63,4/3/2009,317.9
KEO,32.47,144.63,4/3/2009,320.3
KEO,32.47,144.63,4/3/2009,320.6
KEO,32.47,144.63,4/3/2009,319.8
KEO,32.47,144.63,4/3/2009,319.8
KEO,32.47,144.63,4/3/2009,321.6
KEO,32.47,144.63,4/3/2009,319.7
KEO,32.47,144.63,4/4/2009,322.5
KEO,32.47,144.63,4/4/2009,325.4
KEO,32.47,144.63,4/4/2009,323.2
KEO,32.47,144.63,4/4/2009,319.2
KEO,32.47,144.63,4/4/2009,317.9
KEO,32.47,144.63,4/4/2009,318.8
KEO,32.47,144.63,4/4/2009,332.2
KEO,32.47,144.63,4/4/2009,329.9
KEO,32.47,144.63,4/5/2009,326.2
KEO,32.47,144.63,4/5/2009,327.6
KEO,32.47,144.63,4/5/2009,323.6
KEO,32.47,144.63,4/5/2009,321.7
KEO,32.47,144.63,4/5/2009,324.2
KEO,32.47,144.63,4/5/2009,335.9
KEO,32.47,144.63,4/5/2009,326.2
KEO,32.47,144.63,4/5/2009,324.2
KEO,32.47,144.63,4/6/2009,320.1
KEO,32.47,144.63,4/6/2009,322.2
KEO,32.47,144.63,4/6/2009,324.2
KEO,32.47,144.63,4/6/2009,323.4
KEO,32.47,144.63,4/6/2009,321.8
KEO,32.47,144.63,4/6/2009,320
KEO,32.47,144.63,4/6/2009,319.9
KEO,32.47,144.63,4/6/2009,319.6
KEO,32.47,144.63,4/7/2009,317.9
KEO,32.47,144.63,4/7/2009,324.7
KEO,32.47,144.63,4/7/2009,328.1
KEO,32.47,144.63,4/7/2009,326.4
KEO,32.47,144.63,4/7/2009,325.6
KEO,32.47,144.63,4/7/2009,326.1
KEO,32.47,144.63,4/7/2009,323.9
KEO,32.47,144.63,4/7/2009,325
KEO,32.47,144.63,4/8/2009,326.1
KEO,32.47,144.63,4/8/2009,323.3
KEO,32.47,144.63,4/8/2009,322.1
KEO,32.47,144.63,4/8/2009,328.4
KEO,32.47,144.63,4/8/2009,321.4
KEO,32.47,144.63,4/8/2009,318.2
KEO,32.47,144.63,4/8/2009,316.4
KEO,32.47,144.63,4/8/2009,316.7
KEO,32.47,144.63,4/9/2009,320.7
KEO,32.47,144.63,4/9/2009,318.7
KEO,32.47,144.63,4/9/2009,319.2
KEO,32.47,144.63,4/9/2009,315.4
KEO,32.47,144.63,4/9/2009,313.2
KEO,32.47,144.63,4/9/2009,312.3
KEO,32.47,144.63,4/9/2009,321.9
KEO,32.47,144.63,4/9/2009,323.1
KEO,32.47,144.63,4/10/2009,324.2
KEO,32.47,144.63,4/10/2009,326.1
KEO,32.47,144.63,4/10/2009,328.8
KEO,32.47,144.63,4/10/2009,325.9
KEO,32.47,144.63,4/10/2009,321.9
KEO,32.47,144.63,4/10/2009,322.1
KEO,32.47,144.63,4/10/2009,320.2
KEO,32.47,144.63,4/10/2009,318.1
KEO,32.47,144.63,4/11/2009,324.7
KEO,32.47,144.63,4/11/2009,324.7
KEO,32.47,144.63,4/11/2009,323.7
KEO,32.47,144.63,4/11/2009,321.9
KEO,32.47,144.63,4/11/2009,321.5
KEO,32.47,144.63,4/11/2009,321.7
KEO,32.47,144.63,4/11/2009,320.6
KEO,32.47,144.63,4/11/2009,322
KEO,32.47,144.63,4/12/2009,324.6
KEO,32.47,144.63,4/12/2009,324.1
KEO,32.47,144.63,4/12/2009,326
KEO,32.47,144.63,4/12/2009,325.9
KEO,32.47,144.63,4/12/2009,329.8
KEO,32.47,144.63,4/12/2009,330.4
KEO,32.47,144.63,4/12/2009,327.8
KEO,32.47,144.63,4/12/2009,327.8
KEO,32.47,144.63,4/13/2009,321.9
KEO,32.47,144.63,4/13/2009,321.5
KEO,32.47,144.63,4/13/2009,323.2
KEO,32.47,144.63,4/13/2009,322.4
KEO,32.47,144.63,4/13/2009,321.8
KEO,32.47,144.63,4/13/2009,322.9
KEO,32.47,144.63,4/13/2009,323.5
KEO,32.47,144.63,4/13/2009,327.3
KEO,32.47,144.63,4/14/2009,327.9
KEO,32.47,144.63,4/14/2009,325.7
KEO,32.47,144.63,4/14/2009,323.7
KEO,32.47,144.63,4/14/2009,323.4
KEO,32.47,144.63,4/14/2009,326.7
KEO,32.47,144.63,4/14/2009,328.6
KEO,32.47,144.63,4/14/2009,327.6
KEO,32.47,144.63,4/14/2009,327.7
KEO,32.47,144.63,4/15/2009,345.6
KEO,32.47,144.63,4/15/2009,348.1
KEO,32.47,144.63,4/15/2009,353.1
KEO,32.47,144.63,4/15/2009,334.9
KEO,32.47,144.63,4/15/2009,327.5
KEO,32.47,144.63,4/15/2009,325.2
KEO,32.47,144.63,4/15/2009,325.9
KEO,32.47,144.63,4/15/2009,325
KEO,32.47,144.63,4/16/2009,324
KEO,32.47,144.63,4/16/2009,324.3
KEO,32.47,144.63,4/16/2009,324.9
KEO,32.47,144.63,4/16/2009,324.1
KEO,32.47,144.63,4/16/2009,322.7
KEO,32.47,144.63,4/16/2009,322.4
KEO,32.47,144.63,4/16/2009,321.6
KEO,32.47,144.63,4/16/2009,321
KEO,32.47,144.63,4/17/2009,320.6
KEO,32.47,144.63,4/17/2009,323.6
KEO,32.47,144.63,4/17/2009,321.3
KEO,32.47,144.63,4/17/2009,319.5
KEO,32.47,144.63,4/17/2009,322.1
KEO,32.47,144.63,4/17/2009,321.8
KEO,32.47,144.63,4/17/2009,321.6
KEO,32.47,144.63,4/17/2009,321.8
KEO,32.47,144.63,4/18/2009,322.3
KEO,32.47,144.63,4/18/2009,321.9
KEO,32.47,144.63,4/18/2009,320.1
KEO,32.47,144.63,4/18/2009,323
KEO,32.47,144.63,4/18/2009,323.5
KEO,32.47,144.63,4/18/2009,324.3
KEO,32.47,144.63,4/18/2009,325.7
KEO,32.47,144.63,4/18/2009,324.1
KEO,32.47,144.63,4/19/2009,321.3
KEO,32.47,144.63,4/19/2009,322.9
KEO,32.47,144.63,4/19/2009,320
KEO,32.47,144.63,4/19/2009,316.4
KEO,32.47,144.63,4/19/2009,315.2
KEO,32.47,144.63,4/19/2009,318.1
KEO,32.47,144.63,4/19/2009,318.8
KEO,32.47,144.63,4/19/2009,317.9
KEO,32.47,144.63,4/20/2009,318.1
KEO,32.47,144.63,4/20/2009,321.3
KEO,32.47,144.63,4/20/2009,320.9
KEO,32.47,144.63,4/20/2009,317.8
KEO,32.47,144.63,4/20/2009,316.2
KEO,32.47,144.63,4/20/2009,317.5
KEO,32.47,144.63,4/20/2009,317.7
KEO,32.47,144.63,4/20/2009,318.4
KEO,32.47,144.63,4/21/2009,317.9
KEO,32.47,144.63,4/21/2009,322
KEO,32.47,144.63,4/21/2009,318.1
KEO,32.47,144.63,4/21/2009,316.8
KEO,32.47,144.63,4/21/2009,316.4
KEO,32.47,144.63,4/21/2009,318.5
KEO,32.47,144.63,4/21/2009,317.7
KEO,32.47,144.63,4/21/2009,326.9
KEO,32.47,144.63,4/22/2009,328.8
KEO,32.47,144.63,4/22/2009,331.5
KEO,32.47,144.63,4/22/2009,334
KEO,32.47,144.63,4/22/2009,316.9
KEO,32.47,144.63,4/22/2009,320.4
KEO,32.47,144.63,4/22/2009,317.5
KEO,32.47,144.63,4/22/2009,317.3
KEO,32.47,144.63,4/22/2009,314.6
KEO,32.47,144.63,4/23/2009,316.1
KEO,32.47,144.63,4/23/2009,315.3
KEO,32.47,144.63,4/23/2009,313.9
KEO,32.47,144.63,4/23/2009,311.3
KEO,32.47,144.63,4/23/2009,312.3
KEO,32.47,144.63,4/23/2009,312.6
KEO,32.47,144.63,4/23/2009,313.9
KEO,32.47,144.63,4/23/2009,311.9
KEO,32.47,144.63,4/24/2009,312.9
KEO,32.47,144.63,4/24/2009,314.8
KEO,32.47,144.63,4/24/2009,318.8
KEO,32.47,144.63,4/24/2009,316.1
KEO,32.47,144.63,4/24/2009,313.3
KEO,32.47,144.63,4/24/2009,315.5
KEO,32.47,144.63,4/24/2009,314.7
KEO,32.47,144.63,4/24/2009,312.9
KEO,32.47,144.63,4/25/2009,318.4
KEO,32.47,144.63,4/25/2009,317.8
KEO,32.47,144.63,4/25/2009,319.2
KEO,32.47,144.63,4/25/2009,322.8
KEO,32.47,144.63,4/25/2009,350.5
KEO,32.47,144.63,4/25/2009,326.4
KEO,32.47,144.63,4/25/2009,342.7
KEO,32.47,144.63,4/25/2009,338.6
KEO,32.47,144.63,4/26/2009,332.3
KEO,32.47,144.63,4/26/2009,346.3
KEO,32.47,144.63,4/26/2009,335.9
KEO,32.47,144.63,4/26/2009,340
KEO,32.47,144.63,4/26/2009,358.2
KEO,32.47,144.63,4/26/2009,323
KEO,32.47,144.63,4/26/2009,326
KEO,32.47,144.63,4/26/2009,322.8
KEO,32.47,144.63,4/27/2009,322.1
KEO,32.47,144.63,4/27/2009,326.6
KEO,32.47,144.63,4/27/2009,328.1
KEO,32.47,144.63,4/27/2009,324.5
KEO,32.47,144.63,4/27/2009,322.3
KEO,32.47,144.63,4/27/2009,325.6
KEO,32.47,144.63,4/27/2009,321.4
KEO,32.47,144.63,4/27/2009,321.5
KEO,32.47,144.63,4/28/2009,325.1
KEO,32.47,144.63,4/28/2009,322.8
KEO,32.47,144.63,4/28/2009,325.6
KEO,32.47,144.63,4/28/2009,320.9
KEO,32.47,144.63,4/28/2009,318
KEO,32.47,144.63,4/28/2009,319.1
KEO,32.47,144.63,4/28/2009,317.9
KEO,32.47,144.63,4/28/2009,316.3
KEO,32.47,144.63,4/29/2009,324.9
KEO,32.47,144.63,4/29/2009,325.6
KEO,32.47,144.63,4/29/2009,322.2
KEO,32.47,144.63,4/29/2009,321.4
KEO,32.47,144.63,4/29/2009,314.7
KEO,32.47,144.63,4/29/2009,315
KEO,32.47,144.63,4/29/2009,317.7
KEO,32.47,144.63,4/29/2009,317.1
KEO,32.47,144.63,4/30/2009,318.1
KEO,32.47,144.63,4/30/2009,322.1
KEO,32.47,144.63,4/30/2009,314.3
KEO,32.47,144.63,4/30/2009,333.3
KEO,32.47,144.63,4/30/2009,329.2
KEO,32.47,144.63,4/30/2009,336.7
KEO,32.47,144.63,4/30/2009,333.3
KEO,32.47,144.63,4/30/2009,330.3
KEO,32.47,144.63,5/1/2009,318.4
KEO,32.47,144.63,5/1/2009,400.4
KEO,32.47,144.63,5/1/2009,510.7
KEO,32.47,144.63,5/1/2009,569.5
KEO,32.47,144.63,5/1/2009,355.3
KEO,32.47,144.63,5/1/2009,447.9
KEO,32.47,144.63,5/1/2009,523.7
KEO,32.47,144.63,5/1/2009,527.8
KEO,32.47,144.63,5/2/2009,364.8
KEO,32.47,144.63,5/2/2009,407
KEO,32.47,144.63,5/2/2009,478.9
KEO,32.47,144.63,5/2/2009,334.2
KEO,32.47,144.63,5/2/2009,319.8
KEO,32.47,144.63,5/2/2009,374.4
KEO,32.47,144.63,5/2/2009,436.9
KEO,32.47,144.63,5/2/2009,496.3
KEO,32.47,144.63,5/3/2009,566.6
KEO,32.47,144.63,5/3/2009,639.5
KEO,32.47,144.63,5/3/2009,340.8
KEO,32.47,144.63,5/3/2009,329.4
KEO,32.47,144.63,5/3/2009,316.7
KEO,32.47,144.63,5/3/2009,325.1
KEO,32.47,144.63,5/3/2009,321.1
KEO,32.47,144.63,5/3/2009,323.2
KEO,32.47,144.63,5/4/2009,315.3
KEO,32.47,144.63,5/4/2009,314.9
KEO,32.47,144.63,5/4/2009,313
KEO,32.47,144.63,5/4/2009,317.3
KEO,32.47,144.63,5/4/2009,320.9
KEO,32.47,144.63,5/4/2009,317.6
KEO,32.47,144.63,5/4/2009,328.8
KEO,32.47,144.63,5/4/2009,322.2
KEO,32.47,144.63,5/5/2009,320.1
KEO,32.47,144.63,5/5/2009,326
KEO,32.47,144.63,5/5/2009,324.5
KEO,32.47,144.63,5/5/2009,326.1
KEO,32.47,144.63,5/5/2009,328.6
KEO,32.47,144.63,5/5/2009,328
KEO,32.47,144.63,5/5/2009,331.4
KEO,32.47,144.63,5/5/2009,332.4
KEO,32.47,144.63,5/6/2009,337.2
KEO,32.47,144.63,5/6/2009,331.5
KEO,32.47,144.63,5/6/2009,323.8
KEO,32.47,144.63,5/6/2009,324
KEO,32.47,144.63,5/6/2009,323.2
KEO,32.47,144.63,5/6/2009,321.3
KEO,32.47,144.63,5/6/2009,327.5
KEO,32.47,144.63,5/6/2009,328
KEO,32.47,144.63,5/7/2009,330.7
KEO,32.47,144.63,5/7/2009,330.2
KEO,32.47,144.63,5/7/2009,324.2
KEO,32.47,144.63,5/7/2009,324.5
KEO,32.47,144.63,5/7/2009,321.9
KEO,32.47,144.63,5/7/2009,326.8
KEO,32.47,144.63,5/7/2009,324.3
KEO,32.47,144.63,5/7/2009,321.5
KEO,32.47,144.63,5/8/2009,321.1
KEO,32.47,144.63,5/8/2009,321.3
KEO,32.47,144.63,5/8/2009,322.2
KEO,32.47,144.63,5/8/2009,322.3
KEO,32.47,144.63,5/8/2009,320.2
KEO,32.47,144.63,5/8/2009,318.3
KEO,32.47,144.63,5/8/2009,317.2
KEO,32.47,144.63,5/8/2009,316.2
KEO,32.47,144.63,5/9/2009,318.5
KEO,32.47,144.63,5/9/2009,325.8
KEO,32.47,144.63,5/9/2009,329.4
KEO,32.47,144.63,5/9/2009,323.9
KEO,32.47,144.63,5/9/2009,323.7
KEO,32.47,144.63,5/9/2009,323.2
KEO,32.47,144.63,5/9/2009,322.1
KEO,32.47,144.63,5/9/2009,320.3
KEO,32.47,144.63,5/10/2009,325.1
KEO,32.47,144.63,5/10/2009,333.3
KEO,32.47,144.63,5/10/2009,329.3
KEO,32.47,144.63,5/10/2009,327.2
KEO,32.47,144.63,5/10/2009,326.7
KEO,32.47,144.63,5/10/2009,326.3
KEO,32.47,144.63,5/10/2009,327.1
KEO,32.47,144.63,5/10/2009,324.9
KEO,32.47,144.63,5/11/2009,330.6
KEO,32.47,144.63,5/11/2009,337.1
KEO,32.47,144.63,5/11/2009,338.4
KEO,32.47,144.63,5/11/2009,335.8
KEO,32.47,144.63,5/11/2009,332.2
KEO,32.47,144.63,5/11/2009,333.1
KEO,32.47,144.63,5/11/2009,333.2
KEO,32.47,144.63,5/11/2009,334.1
KEO,32.47,144.63,5/12/2009,334.7
KEO,32.47,144.63,5/12/2009,334.1
KEO,32.47,144.63,5/12/2009,335.7
KEO,32.47,144.63,5/12/2009,335.3
KEO,32.47,144.63,5/12/2009,333.9
KEO,32.47,144.63,5/12/2009,333.9
KEO,32.47,144.63,5/12/2009,334.5
KEO,32.47,144.63,5/12/2009,333.3
KEO,32.47,144.63,5/13/2009,334.3
KEO,32.47,144.63,5/13/2009,335.4
KEO,32.47,144.63,5/13/2009,332.3
KEO,32.47,144.63,5/13/2009,330.8
KEO,32.47,144.63,5/13/2009,330.3
KEO,32.47,144.63,5/13/2009,330.3
KEO,32.47,144.63,5/13/2009,334.9
KEO,32.47,144.63,5/13/2009,334.1
KEO,32.47,144.63,5/14/2009,334.1
KEO,32.47,144.63,5/14/2009,341.1
KEO,32.47,144.63,5/14/2009,341
KEO,32.47,144.63,5/14/2009,336.6
KEO,32.47,144.63,5/14/2009,331.7
KEO,32.47,144.63,5/14/2009,330.4
KEO,32.47,144.63,5/14/2009,324.9
KEO,32.47,144.63,5/14/2009,323.3
KEO,32.47,144.63,5/15/2009,320.7
KEO,32.47,144.63,5/15/2009,321
KEO,32.47,144.63,5/15/2009,322.2
KEO,32.47,144.63,5/15/2009,324.5
KEO,32.47,144.63,5/15/2009,320.4
KEO,32.47,144.63,5/15/2009,317.6
KEO,32.47,144.63,5/15/2009,317.7
KEO,32.47,144.63,5/15/2009,316.8
KEO,32.47,144.63,5/16/2009,319
KEO,32.47,144.63,5/16/2009,320.9
KEO,32.47,144.63,5/16/2009,320.6
KEO,32.47,144.63,5/16/2009,316.5
KEO,32.47,144.63,5/16/2009,317.2
KEO,32.47,144.63,5/16/2009,320.9
KEO,32.47,144.63,5/16/2009,321.4
KEO,32.47,144.63,5/16/2009,318.4
KEO,32.47,144.63,5/17/2009,317.3
KEO,32.47,144.63,5/17/2009,322
KEO,32.47,144.63,5/17/2009,324.1
KEO,32.47,144.63,5/17/2009,322.9
KEO,32.47,144.63,5/17/2009,322.6
KEO,32.47,144.63,5/17/2009,323.1
KEO,32.47,144.63,5/17/2009,324.9
KEO,32.47,144.63,5/17/2009,326
KEO,32.47,144.63,5/18/2009,329.2
KEO,32.47,144.63,5/18/2009,329.9
KEO,32.47,144.63,5/18/2009,329.8
KEO,32.47,144.63,5/18/2009,328.4
KEO,32.47,144.63,5/18/2009,325.6
KEO,32.47,144.63,5/18/2009,328
KEO,32.47,144.63,5/18/2009,330
KEO,32.47,144.63,5/18/2009,329.4
KEO,32.47,144.63,5/19/2009,326.6
KEO,32.47,144.63,5/19/2009,328.4
KEO,32.47,144.63,5/19/2009,331.2
KEO,32.47,144.63,5/19/2009,328.7
KEO,32.47,144.63,5/19/2009,328.7
KEO,32.47,144.63,5/19/2009,329.3
KEO,32.47,144.63,5/19/2009,332.5
KEO,32.47,144.63,5/19/2009,341.7
KEO,32.47,144.63,5/20/2009,322.6
KEO,32.47,144.63,5/20/2009,321.5
KEO,32.47,144.63,5/20/2009,322.2
KEO,32.47,144.63,5/20/2009,323.7
KEO,32.47,144.63,5/20/2009,320.9
KEO,32.47,144.63,5/20/2009,322.1
KEO,32.47,144.63,5/20/2009,326.9
KEO,32.47,144.63,5/20/2009,324.2
KEO,32.47,144.63,5/21/2009,322.5
KEO,32.47,144.63,5/21/2009,329.5
KEO,32.47,144.63,5/21/2009,336.4
KEO,32.47,144.63,5/21/2009,335.3
KEO,32.47,144.63,5/21/2009,331.4
KEO,32.47,144.63,5/21/2009,327.5
KEO,32.47,144.63,5/21/2009,328.5
KEO,32.47,144.63,5/21/2009,329.9
KEO,32.47,144.63,5/22/2009,328.5
KEO,32.47,144.63,5/22/2009,330.1
KEO,32.47,144.63,5/22/2009,332.6
KEO,32.47,144.63,5/22/2009,332.9
KEO,32.47,144.63,5/22/2009,329.8
KEO,32.47,144.63,5/22/2009,329.2
KEO,32.47,144.63,5/22/2009,329.4
KEO,32.47,144.63,5/22/2009,331.4
KEO,32.47,144.63,5/23/2009,330.8
KEO,32.47,144.63,5/23/2009,330.3
KEO,32.47,144.63,5/23/2009,331.6
KEO,32.47,144.63,5/23/2009,334.3
KEO,32.47,144.63,5/23/2009,333.7
KEO,32.47,144.63,5/23/2009,333.5
KEO,32.47,144.63,5/23/2009,332.4
KEO,32.47,144.63,5/23/2009,338.7
KEO,32.47,144.63,5/24/2009,341.3
KEO,32.47,144.63,5/24/2009,348.8
KEO,32.47,144.63,5/24/2009,344.7
KEO,32.47,144.63,5/24/2009,343.6
KEO,32.47,144.63,5/24/2009,342.3
KEO,32.47,144.63,5/24/2009,336.7
KEO,32.47,144.63,5/24/2009,338.6
KEO,32.47,144.63,5/24/2009,342.4
KEO,32.47,144.63,5/25/2009,348
KEO,32.47,144.63,5/25/2009,355.3
KEO,32.47,144.63,5/25/2009,398.3
KEO,32.47,144.63,5/25/2009,366.5
KEO,32.47,144.63,5/25/2009,355.1
KEO,32.47,144.63,5/25/2009,346.8
KEO,32.47,144.63,5/25/2009,339.6
KEO,32.47,144.63,5/25/2009,339.7
KEO,32.47,144.63,5/26/2009,344.7
KEO,32.47,144.63,5/26/2009,346
KEO,32.47,144.63,5/26/2009,348.9
KEO,32.47,144.63,5/26/2009,345.4
KEO,32.47,144.63,5/26/2009,339.1
KEO,32.47,144.63,5/26/2009,332
KEO,32.47,144.63,5/26/2009,334.3
KEO,32.47,144.63,5/26/2009,335.8
KEO,32.47,144.63,5/27/2009,335.9
KEO,32.47,144.63,5/27/2009,330.9
KEO,32.47,144.63,5/27/2009,330
KEO,32.47,144.63,5/27/2009,330.3
KEO,32.47,144.63,5/27/2009,330.9
KEO,32.47,144.63,5/27/2009,331.1
KEO,32.47,144.63,5/27/2009,331
KEO,32.47,144.63,5/27/2009,331.2
KEO,32.47,144.63,5/28/2009,330.8
KEO,32.47,144.63,5/28/2009,329.9
KEO,32.47,144.63,5/28/2009,331.2
KEO,32.47,144.63,5/28/2009,333.4
KEO,32.47,144.63,5/28/2009,335.6
KEO,32.47,144.63,5/28/2009,334.7
KEO,32.47,144.63,5/28/2009,332.7
KEO,32.47,144.63,5/28/2009,337.1
KEO,32.47,144.63,5/29/2009,339.1
KEO,32.47,144.63,5/29/2009,334.3
KEO,32.47,144.63,5/29/2009,329.3
KEO,32.47,144.63,5/29/2009,331
KEO,32.47,144.63,5/29/2009,330.7
KEO,32.47,144.63,5/29/2009,334.7
KEO,32.47,144.63,5/29/2009,377.7
KEO,32.47,144.63,5/29/2009,386.1
KEO,32.47,144.63,5/30/2009,376.7
KEO,32.47,144.63,5/30/2009,451.5
KEO,32.47,144.63,5/30/2009,481.3
KEO,32.47,144.63,5/30/2009,453.7
KEO,32.47,144.63,5/30/2009,449.7
KEO,32.47,144.63,5/30/2009,452
KEO,32.47,144.63,5/30/2009,360.4
KEO,32.47,144.63,5/30/2009,455.1
KEO,32.47,144.63,5/31/2009,526.3
KEO,32.47,144.63,5/31/2009,589.9
KEO,32.47,144.63,5/31/2009,647.6
KEO,32.47,144.63,5/31/2009,664
KEO,32.47,144.63,5/31/2009,690.6
KEO,32.47,144.63,5/31/2009,732.9
KEO,32.47,144.63,5/31/2009,774.6
KEO,32.47,144.63,5/31/2009,803
KEO,32.47,144.63,6/1/2009,830.7
KEO,32.47,144.63,6/1/2009,855.8
KEO,32.47,144.63,6/1/2009,885.7
KEO,32.47,144.63,6/1/2009,896.4
KEO,32.47,144.63,6/1/2009,930.7
KEO,32.47,144.63,6/1/2009,968.4
KEO,32.47,144.63,6/1/2009,952.5
KEO,32.47,144.63,6/1/2009,849.4
KEO,32.47,144.63,6/2/2009,404.6
KEO,32.47,144.63,6/2/2009,344.1
KEO,32.47,144.63,6/2/2009,338.7
KEO,32.47,144.63,6/2/2009,338
KEO,32.47,144.63,6/2/2009,337.2
KEO,32.47,144.63,6/2/2009,339.4
KEO,32.47,144.63,6/2/2009,340.5
KEO,32.47,144.63,6/2/2009,342.7
KEO,32.47,144.63,6/3/2009,345.9
KEO,32.47,144.63,6/3/2009,346.8
KEO,32.47,144.63,6/3/2009,344.4
KEO,32.47,144.63,6/3/2009,344.6
KEO,32.47,144.63,6/3/2009,343
KEO,32.47,144.63,6/3/2009,344
KEO,32.47,144.63,6/3/2009,344.7
KEO,32.47,144.63,6/3/2009,345.3
KEO,32.47,144.63,6/4/2009,346.6
KEO,32.47,144.63,6/4/2009,348.4
KEO,32.47,144.63,6/4/2009,346.1
KEO,32.47,144.63,6/4/2009,344.5
KEO,32.47,144.63,6/4/2009,342.9
KEO,32.47,144.63,6/4/2009,343.3
KEO,32.47,144.63,6/4/2009,343.1
KEO,32.47,144.63,6/4/2009,343.7
KEO,32.47,144.63,6/5/2009,352.4
KEO,32.47,144.63,6/5/2009,363.5
KEO,32.47,144.63,6/5/2009,353.8
KEO,32.47,144.63,6/5/2009,346.5
KEO,32.47,144.63,6/5/2009,345.5
KEO,32.47,144.63,6/5/2009,344.3
KEO,32.47,144.63,6/5/2009,345.8
KEO,32.47,144.63,6/5/2009,348.9
KEO,32.47,144.63,6/6/2009,348.2
KEO,32.47,144.63,6/6/2009,345.6
KEO,32.47,144.63,6/6/2009,345.1
KEO,32.47,144.63,6/6/2009,345.5
KEO,32.47,144.63,6/6/2009,343.7
KEO,32.47,144.63,6/6/2009,342.8
KEO,32.47,144.63,6/6/2009,341
KEO,32.47,144.63,6/6/2009,342
KEO,32.47,144.63,6/7/2009,345.6
KEO,32.47,144.63,6/7/2009,345.8
KEO,32.47,144.63,6/7/2009,348.3
KEO,32.47,144.63,6/7/2009,347.1
KEO,32.47,144.63,6/7/2009,341.8
KEO,32.47,144.63,6/7/2009,340.9
KEO,32.47,144.63,6/7/2009,338.2
KEO,32.47,144.63,6/7/2009,337.6
KEO,32.47,144.63,6/8/2009,335.6
KEO,32.47,144.63,6/8/2009,338.7
KEO,32.47,144.63,6/8/2009,340.2
KEO,32.47,144.63,6/8/2009,337.7
KEO,32.47,144.63,6/8/2009,334.7
KEO,32.47,144.63,6/8/2009,336.8
KEO,32.47,144.63,6/8/2009,338.8
KEO,32.47,144.63,6/8/2009,339.2
KEO,32.47,144.63,6/9/2009,341
KEO,32.47,144.63,6/9/2009,349.4
KEO,32.47,144.63,6/9/2009,355.9
KEO,32.47,144.63,6/9/2009,352.6
KEO,32.47,144.63,6/9/2009,346.7
KEO,32.47,144.63,6/9/2009,344.8
KEO,32.47,144.63,6/9/2009,344.6
KEO,32.47,144.63,6/9/2009,344.1
KEO,32.47,144.63,6/10/2009,350.1
KEO,32.47,144.63,6/10/2009,357.8
KEO,32.47,144.63,6/10/2009,353.2
KEO,32.47,144.63,6/10/2009,350
KEO,32.47,144.63,6/10/2009,345
KEO,32.47,144.63,6/10/2009,342.5
KEO,32.47,144.63,6/10/2009,341.4
KEO,32.47,144.63,6/10/2009,338.2
KEO,32.47,144.63,6/11/2009,339.8
KEO,32.47,144.63,6/11/2009,340.8
KEO,32.47,144.63,6/11/2009,339.8
KEO,32.47,144.63,6/11/2009,339.2
KEO,32.47,144.63,6/11/2009,338.2
KEO,32.47,144.63,6/11/2009,337.8
KEO,32.47,144.63,6/11/2009,338.6
KEO,32.47,144.63,6/11/2009,338.1
KEO,32.47,144.63,6/12/2009,340.1
KEO,32.47,144.63,6/12/2009,340.4
KEO,32.47,144.63,6/12/2009,335.4
KEO,32.47,144.63,6/12/2009,336
KEO,32.47,144.63,6/12/2009,336
KEO,32.47,144.63,6/12/2009,337.9
KEO,32.47,144.63,6/12/2009,340.4
KEO,32.47,144.63,6/12/2009,338.6
KEO,32.47,144.63,6/13/2009,340.1
KEO,32.47,144.63,6/13/2009,342.5
KEO,32.47,144.63,6/13/2009,341.2
KEO,32.47,144.63,6/13/2009,339.1
KEO,32.47,144.63,6/13/2009,338.1
KEO,32.47,144.63,6/13/2009,337.8
KEO,32.47,144.63,6/13/2009,337.3
KEO,32.47,144.63,6/13/2009,332.7
KEO,32.47,144.63,6/14/2009,340.2
KEO,32.47,144.63,6/14/2009,342.5
KEO,32.47,144.63,6/14/2009,342.2
KEO,32.47,144.63,6/14/2009,347.4
KEO,32.47,144.63,6/14/2009,341.2
KEO,32.47,144.63,6/14/2009,342.2
KEO,32.47,144.63,6/14/2009,343.7
KEO,32.47,144.63,6/14/2009,345.3
KEO,32.47,144.63,6/15/2009,348.9
KEO,32.47,144.63,6/15/2009,347.3
KEO,32.47,144.63,6/15/2009,344.4
KEO,32.47,144.63,6/15/2009,344.6
KEO,32.47,144.63,6/15/2009,346
KEO,32.47,144.63,6/15/2009,347.8
KEO,32.47,144.63,6/15/2009,347.6
KEO,32.47,144.63,6/15/2009,345.7
KEO,32.47,144.63,6/16/2009,344.9
KEO,32.47,144.63,6/16/2009,347
KEO,32.47,144.63,6/16/2009,340.5
KEO,32.47,144.63,6/16/2009,336.7
KEO,32.47,144.63,6/16/2009,340.1
KEO,32.47,144.63,6/16/2009,341.9
KEO,32.47,144.63,6/16/2009,341.6
KEO,32.47,144.63,6/16/2009,340.2
KEO,32.47,144.63,6/17/2009,342.9
KEO,32.47,144.63,6/17/2009,344
KEO,32.47,144.63,6/17/2009,340.9
KEO,32.47,144.63,6/17/2009,339.1
KEO,32.47,144.63,6/17/2009,340.5
KEO,32.47,144.63,6/17/2009,341.3
KEO,32.47,144.63,6/17/2009,341.7
KEO,32.47,144.63,6/17/2009,340.9
KEO,32.47,144.63,6/18/2009,340.9
KEO,32.47,144.63,6/18/2009,342.5
KEO,32.47,144.63,6/18/2009,342.1
KEO,32.47,144.63,6/18/2009,339.5
KEO,32.47,144.63,6/18/2009,340.2
KEO,32.47,144.63,6/18/2009,341
KEO,32.47,144.63,6/18/2009,340.7
KEO,32.47,144.63,6/18/2009,338.6
KEO,32.47,144.63,6/19/2009,338.9
KEO,32.47,144.63,6/19/2009,340
KEO,32.47,144.63,6/19/2009,340.4
KEO,32.47,144.63,6/19/2009,340.7
KEO,32.47,144.63,6/19/2009,340.8
KEO,32.47,144.63,6/19/2009,344.7
KEO,32.47,144.63,6/19/2009,345.9
KEO,32.47,144.63,6/19/2009,343.4
KEO,32.47,144.63,6/20/2009,344.7
KEO,32.47,144.63,6/20/2009,354.1
KEO,32.47,144.63,6/20/2009,358.3
KEO,32.47,144.63,6/20/2009,355.9
KEO,32.47,144.63,6/20/2009,351.2
KEO,32.47,144.63,6/20/2009,351
KEO,32.47,144.63,6/20/2009,353.1
KEO,32.47,144.63,6/20/2009,348.9
KEO,32.47,144.63,6/21/2009,349.9
KEO,32.47,144.63,6/21/2009,349.5
KEO,32.47,144.63,6/21/2009,344.9
KEO,32.47,144.63,6/21/2009,344.1
KEO,32.47,144.63,6/21/2009,344.9
KEO,32.47,144.63,6/21/2009,345.3
KEO,32.47,144.63,6/21/2009,345
KEO,32.47,144.63,6/21/2009,344.6
KEO,32.47,144.63,6/22/2009,344.8
KEO,32.47,144.63,6/22/2009,351.1
KEO,32.47,144.63,6/22/2009,352
KEO,32.47,144.63,6/22/2009,352.7
KEO,32.47,144.63,6/22/2009,349.4
KEO,32.47,144.63,6/22/2009,348.2
KEO,32.47,144.63,6/22/2009,348.7
KEO,32.47,144.63,6/22/2009,346.1
KEO,32.47,144.63,6/23/2009,348
KEO,32.47,144.63,6/23/2009,349.8
KEO,32.47,144.63,6/23/2009,352.1
KEO,32.47,144.63,6/23/2009,352.1
KEO,32.47,144.63,6/23/2009,350.5
KEO,32.47,144.63,6/23/2009,349.3
KEO,32.47,144.63,6/23/2009,351.3
KEO,32.47,144.63,6/23/2009,348.8
KEO,32.47,144.63,6/24/2009,349.5
KEO,32.47,144.63,6/24/2009,351.5
KEO,32.47,144.63,6/24/2009,350.7
KEO,32.47,144.63,6/24/2009,349.6
KEO,32.47,144.63,6/24/2009,348.5
KEO,32.47,144.63,6/24/2009,349.1
KEO,32.47,144.63,6/24/2009,348.7
KEO,32.47,144.63,6/24/2009,348.8
KEO,32.47,144.63,6/25/2009,349.7
KEO,32.47,144.63,6/25/2009,354.6
KEO,32.47,144.63,6/25/2009,357.2
KEO,32.47,144.63,6/25/2009,354.7
KEO,32.47,144.63,6/25/2009,357.1
KEO,32.47,144.63,6/25/2009,357.4
KEO,32.47,144.63,6/25/2009,355.2
KEO,32.47,144.63,6/25/2009,351.6
KEO,32.47,144.63,6/26/2009,358.7
KEO,32.47,144.63,6/26/2009,362.5
KEO,32.47,144.63,6/26/2009,362.2
KEO,32.47,144.63,6/26/2009,363.6
KEO,32.47,144.63,6/26/2009,363
KEO,32.47,144.63,6/26/2009,360.3
KEO,32.47,144.63,6/26/2009,359.8
KEO,32.47,144.63,6/26/2009,356.7
KEO,32.47,144.63,6/27/2009,366.9
KEO,32.47,144.63,6/27/2009,387
KEO,32.47,144.63,6/27/2009,395.1
KEO,32.47,144.63,6/27/2009,389.6
KEO,32.47,144.63,6/27/2009,383.2
KEO,32.47,144.63,6/27/2009,378.8
KEO,32.47,144.63,6/27/2009,373.9
KEO,32.47,144.63,6/27/2009,377.4
KEO,32.47,144.63,6/28/2009,370.6
KEO,32.47,144.63,6/28/2009,369.3
KEO,32.47,144.63,6/28/2009,371.9
KEO,32.47,144.63,6/28/2009,378.5
KEO,32.47,144.63,6/28/2009,373
KEO,32.47,144.63,6/28/2009,360.7
KEO,32.47,144.63,6/28/2009,359.8
KEO,32.47,144.63,6/28/2009,363.5
KEO,32.47,144.63,6/29/2009,366
KEO,32.47,144.63,6/29/2009,368
KEO,32.47,144.63,6/29/2009,366.2
KEO,32.47,144.63,6/29/2009,366.8
KEO,32.47,144.63,6/29/2009,365.3
KEO,32.47,144.63,6/29/2009,361.1
KEO,32.47,144.63,6/29/2009,357.4
KEO,32.47,144.63,6/29/2009,356.8
KEO,32.47,144.63,6/30/2009,356.6
KEO,32.47,144.63,6/30/2009,362.5
KEO,32.47,144.63,6/30/2009,359.3
KEO,32.47,144.63,6/30/2009,384.3
KEO,32.47,144.63,6/30/2009,366.8
KEO,32.47,144.63,6/30/2009,359.6
KEO,32.47,144.63,6/30/2009,352.5
KEO,32.47,144.63,6/30/2009,353.7
KEO,32.47,144.63,7/1/2009,353.6
KEO,32.47,144.63,7/1/2009,358
KEO,32.47,144.63,7/1/2009,358.2
KEO,32.47,144.63,7/1/2009,358.3
KEO,32.47,144.63,7/1/2009,363.7
KEO,32.47,144.63,7/1/2009,365.5
KEO,32.47,144.63,7/1/2009,365.5
KEO,32.47,144.63,7/1/2009,364.3
KEO,32.47,144.63,7/2/2009,366.9
KEO,32.47,144.63,7/2/2009,369.6
KEO,32.47,144.63,7/2/2009,368.8
KEO,32.47,144.63,7/2/2009,366.1
KEO,32.47,144.63,7/2/2009,366
KEO,32.47,144.63,7/2/2009,367.2
KEO,32.47,144.63,7/2/2009,372.4
KEO,32.47,144.63,7/2/2009,361.4
KEO,32.47,144.63,7/3/2009,363.5
KEO,32.47,144.63,7/3/2009,366.4
KEO,32.47,144.63,7/3/2009,368
KEO,32.47,144.63,7/3/2009,366.3
KEO,32.47,144.63,7/3/2009,364.7
KEO,32.47,144.63,7/3/2009,366.8
KEO,32.47,144.63,7/3/2009,365
KEO,32.47,144.63,7/3/2009,364.7
KEO,32.47,144.63,7/4/2009,365.1
KEO,32.47,144.63,7/4/2009,370.4
KEO,32.47,144.63,7/4/2009,369
KEO,32.47,144.63,7/4/2009,367.8
KEO,32.47,144.63,7/4/2009,370.2
KEO,32.47,144.63,7/4/2009,370
KEO,32.47,144.63,7/4/2009,366.6
KEO,32.47,144.63,7/4/2009,366.3
KEO,32.47,144.63,7/5/2009,372.3
KEO,32.47,144.63,7/5/2009,389
KEO,32.47,144.63,7/5/2009,388.1
KEO,32.47,144.63,7/5/2009,390.4
KEO,32.47,144.63,7/5/2009,390.6
KEO,32.47,144.63,7/5/2009,391.8
KEO,32.47,144.63,7/5/2009,392.3
KEO,32.47,144.63,7/5/2009,391.9
KEO,32.47,144.63,7/6/2009,396.4
KEO,32.47,144.63,7/6/2009,398.4
KEO,32.47,144.63,7/6/2009,401.3
KEO,32.47,144.63,7/6/2009,401.7
KEO,32.47,144.63,7/6/2009,399.2
KEO,32.47,144.63,7/6/2009,390.1
KEO,32.47,144.63,7/6/2009,389.4
KEO,32.47,144.63,7/6/2009,387.8
KEO,32.47,144.63,7/7/2009,382.2
KEO,32.47,144.63,7/7/2009,389.6
KEO,32.47,144.63,7/7/2009,392.5
KEO,32.47,144.63,7/7/2009,389.8
KEO,32.47,144.63,7/7/2009,386.7
KEO,32.47,144.63,7/7/2009,385.1
KEO,32.47,144.63,7/7/2009,385.5
KEO,32.47,144.63,7/7/2009,384.2
KEO,32.47,144.63,7/8/2009,384.5
KEO,32.47,144.63,7/8/2009,388.8
KEO,32.47,144.63,7/8/2009,390.7
KEO,32.47,144.63,7/8/2009,384.6
KEO,32.47,144.63,7/8/2009,382
KEO,32.47,144.63,7/8/2009,382.6
KEO,32.47,144.63,7/8/2009,382.5
KEO,32.47,144.63,7/8/2009,384.6
KEO,32.47,144.63,7/9/2009,386
KEO,32.47,144.63,7/9/2009,389.7
KEO,32.47,144.63,7/9/2009,392
KEO,32.47,144.63,7/9/2009,388.2
KEO,32.47,144.63,7/9/2009,387.8
KEO,32.47,144.63,7/9/2009,386.3
KEO,32.47,144.63,7/9/2009,388.6
KEO,32.47,144.63,7/9/2009,384.4
KEO,32.47,144.63,7/10/2009,386.3
KEO,32.47,144.63,7/10/2009,389.4
KEO,32.47,144.63,7/10/2009,388.3
KEO,32.47,144.63,7/10/2009,386.1
KEO,32.47,144.63,7/10/2009,385
KEO,32.47,144.63,7/10/2009,385.5
KEO,32.47,144.63,7/10/2009,385.5
KEO,32.47,144.63,7/10/2009,385.7
KEO,32.47,144.63,7/11/2009,385.2
KEO,32.47,144.63,7/11/2009,391.3
KEO,32.47,144.63,7/11/2009,389.5
KEO,32.47,144.63,7/11/2009,388.8
KEO,32.47,144.63,7/11/2009,388.3
KEO,32.47,144.63,7/11/2009,386.3
KEO,32.47,144.63,7/11/2009,386.4
KEO,32.47,144.63,7/11/2009,388
KEO,32.47,144.63,7/12/2009,387.9
KEO,32.47,144.63,7/12/2009,389.8
KEO,32.47,144.63,7/12/2009,391.4
KEO,32.47,144.63,7/12/2009,392.2
KEO,32.47,144.63,7/12/2009,393.1
KEO,32.47,144.63,7/12/2009,392.8
KEO,32.47,144.63,7/12/2009,395.1
KEO,32.47,144.63,7/12/2009,395.7
KEO,32.47,144.63,7/13/2009,398.7
KEO,32.47,144.63,7/13/2009,403.3
KEO,32.47,144.63,7/13/2009,400.8
KEO,32.47,144.63,7/13/2009,402.3
KEO,32.47,144.63,7/13/2009,399.1
KEO,32.47,144.63,7/13/2009,395.9
KEO,32.47,144.63,7/13/2009,393.6
KEO,32.47,144.63,7/13/2009,392.6
KEO,32.47,144.63,7/14/2009,395.9
KEO,32.47,144.63,7/14/2009,399.7
KEO,32.47,144.63,7/14/2009,401.9
KEO,32.47,144.63,7/14/2009,403.4
KEO,32.47,144.63,7/14/2009,407.7
KEO,32.47,144.63,7/14/2009,409.7
KEO,32.47,144.63,7/14/2009,408.9
KEO,32.47,144.63,7/14/2009,406.2
KEO,32.47,144.63,7/15/2009,406.3
KEO,32.47,144.63,7/15/2009,405.2
KEO,32.47,144.63,7/15/2009,404.9
KEO,32.47,144.63,7/15/2009,404.9
KEO,32.47,144.63,7/15/2009,404.1
KEO,32.47,144.63,7/15/2009,403
KEO,32.47,144.63,7/15/2009,398.7
KEO,32.47,144.63,7/15/2009,402.4
KEO,32.47,144.63,7/16/2009,408.1
KEO,32.47,144.63,7/16/2009,412.7
KEO,32.47,144.63,7/16/2009,410.2
KEO,32.47,144.63,7/16/2009,407.2
KEO,32.47,144.63,7/16/2009,407.1
KEO,32.47,144.63,7/16/2009,405.6
KEO,32.47,144.63,7/16/2009,406.1
KEO,32.47,144.63,7/16/2009,403.3
KEO,32.47,144.63,7/17/2009,407
KEO,32.47,144.63,7/17/2009,407.4
KEO,32.47,144.63,7/17/2009,407.9
KEO,32.47,144.63,7/17/2009,405.2
KEO,32.47,144.63,7/17/2009,406.2
KEO,32.47,144.63,7/17/2009,405.9
KEO,32.47,144.63,7/17/2009,406.3
KEO,32.47,144.63,7/17/2009,403.3
KEO,32.47,144.63,7/18/2009,403.3
KEO,32.47,144.63,7/18/2009,406.9
KEO,32.47,144.63,7/18/2009,406.4
KEO,32.47,144.63,7/18/2009,405.9
KEO,32.47,144.63,7/18/2009,406
KEO,32.47,144.63,7/18/2009,406.1
KEO,32.47,144.63,7/18/2009,408.4
KEO,32.47,144.63,7/18/2009,405
KEO,32.47,144.63,7/19/2009,409.4
KEO,32.47,144.63,7/19/2009,413.7
KEO,32.47,144.63,7/19/2009,414.5
KEO,32.47,144.63,7/19/2009,411.5
KEO,32.47,144.63,7/19/2009,412.6
KEO,32.47,144.63,7/19/2009,410.8
KEO,32.47,144.63,7/19/2009,408.1
KEO,32.47,144.63,7/19/2009,410
KEO,32.47,144.63,7/20/2009,411.9
KEO,32.47,144.63,7/20/2009,415.6
KEO,32.47,144.63,7/20/2009,419.4
KEO,32.47,144.63,7/20/2009,417.4
KEO,32.47,144.63,7/20/2009,417
KEO,32.47,144.63,7/20/2009,418.8
KEO,32.47,144.63,7/20/2009,418.2
KEO,32.47,144.63,7/20/2009,413.5
KEO,32.47,144.63,7/21/2009,413.8
KEO,32.47,144.63,7/21/2009,416.5
KEO,32.47,144.63,7/21/2009,417.8
KEO,32.47,144.63,7/21/2009,418.1
KEO,32.47,144.63,7/21/2009,417.2
KEO,32.47,144.63,7/21/2009,414.7
KEO,32.47,144.63,7/21/2009,412
KEO,32.47,144.63,7/21/2009,406.2
KEO,32.47,144.63,7/22/2009,402.7
KEO,32.47,144.63,7/22/2009,401.8
KEO,32.47,144.63,7/22/2009,405.2
KEO,32.47,144.63,7/22/2009,402.1
KEO,32.47,144.63,7/22/2009,398.9
KEO,32.47,144.63,7/22/2009,398.5
KEO,32.47,144.63,7/22/2009,396.9
KEO,32.47,144.63,7/22/2009,398.9
KEO,32.47,144.63,7/23/2009,403.8
KEO,32.47,144.63,7/23/2009,407.8
KEO,32.47,144.63,7/23/2009,421.4
KEO,32.47,144.63,7/23/2009,411.2
KEO,32.47,144.63,7/23/2009,395.5
KEO,32.47,144.63,7/23/2009,398.7
KEO,32.47,144.63,7/23/2009,393.8
KEO,32.47,144.63,7/23/2009,395.2
KEO,32.47,144.63,7/24/2009,397.1
KEO,32.47,144.63,7/24/2009,406.8
KEO,32.47,144.63,7/24/2009,408.9
KEO,32.47,144.63,7/24/2009,402.4
KEO,32.47,144.63,7/24/2009,399.3
KEO,32.47,144.63,7/24/2009,399.8
KEO,32.47,144.63,7/24/2009,400.6
KEO,32.47,144.63,7/24/2009,399
KEO,32.47,144.63,7/25/2009,402.8
KEO,32.47,144.63,7/25/2009,404
KEO,32.47,144.63,7/25/2009,404.3
KEO,32.47,144.63,7/25/2009,401.1
KEO,32.47,144.63,7/25/2009,395
KEO,32.47,144.63,7/25/2009,396.8
KEO,32.47,144.63,7/25/2009,395.8
KEO,32.47,144.63,7/25/2009,394
KEO,32.47,144.63,7/26/2009,394.5
KEO,32.47,144.63,7/26/2009,396.1
KEO,32.47,144.63,7/26/2009,405.5
KEO,32.47,144.63,7/26/2009,414.8
KEO,32.47,144.63,7/26/2009,417.7
KEO,32.47,144.63,7/26/2009,421.6
KEO,32.47,144.63,7/26/2009,417.1
KEO,32.47,144.63,7/26/2009,427.5
KEO,32.47,144.63,7/27/2009,432.1
KEO,32.47,144.63,7/27/2009,418.1
KEO,32.47,144.63,7/27/2009,418.9
KEO,32.47,144.63,7/27/2009,421
KEO,32.47,144.63,7/27/2009,423.2
KEO,32.47,144.63,7/27/2009,423.7
KEO,32.47,144.63,7/27/2009,415.5
KEO,32.47,144.63,7/27/2009,408.4
KEO,32.47,144.63,7/28/2009,413
KEO,32.47,144.63,7/28/2009,412
KEO,32.47,144.63,7/28/2009,412.9
KEO,32.47,144.63,7/28/2009,402.6
KEO,32.47,144.63,7/28/2009,399.9
KEO,32.47,144.63,7/28/2009,400.6
KEO,32.47,144.63,7/28/2009,399.9
KEO,32.47,144.63,7/28/2009,405.2
KEO,32.47,144.63,7/29/2009,402.6
KEO,32.47,144.63,7/29/2009,406.7
KEO,32.47,144.63,7/29/2009,404
KEO,32.47,144.63,7/29/2009,407.7
KEO,32.47,144.63,7/29/2009,405.9
KEO,32.47,144.63,7/29/2009,400.4
KEO,32.47,144.63,7/29/2009,400.7
KEO,32.47,144.63,7/29/2009,404.9
KEO,32.47,144.63,7/30/2009,399.7
KEO,32.47,144.63,7/30/2009,401.9
KEO,32.47,144.63,7/30/2009,400.3
KEO,32.47,144.63,7/30/2009,397.5
KEO,32.47,144.63,7/30/2009,405.3
KEO,32.47,144.63,7/30/2009,404.1
KEO,32.47,144.63,7/30/2009,394.9
KEO,32.47,144.63,7/30/2009,397.7
KEO,32.47,144.63,7/31/2009,390.8
KEO,32.47,144.63,7/31/2009,392
KEO,32.47,144.63,7/31/2009,392.5
KEO,32.47,144.63,7/31/2009,357
KEO,32.47,144.63,7/31/2009,362.9
KEO,32.47,144.63,7/31/2009,392.7
KEO,32.47,144.63,7/31/2009,394.3
KEO,32.47,144.63,7/31/2009,398.8
KEO,32.47,144.63,8/1/2009,402
KEO,32.47,144.63,8/1/2009,369.3
KEO,32.47,144.63,8/1/2009,408.9
KEO,32.47,144.63,8/1/2009,407.3
KEO,32.47,144.63,8/1/2009,406.9
KEO,32.47,144.63,8/1/2009,405.9
KEO,32.47,144.63,8/1/2009,406.8
KEO,32.47,144.63,8/1/2009,403.1
KEO,32.47,144.63,8/2/2009,404.6
KEO,32.47,144.63,8/2/2009,410.1
KEO,32.47,144.63,8/2/2009,408.7
KEO,32.47,144.63,8/2/2009,413.1
KEO,32.47,144.63,8/2/2009,422.3
KEO,32.47,144.63,8/2/2009,426.4
KEO,32.47,144.63,8/2/2009,426.7
KEO,32.47,144.63,8/2/2009,424.7
KEO,32.47,144.63,8/3/2009,425.6
KEO,32.47,144.63,8/3/2009,410
KEO,32.47,144.63,8/3/2009,419.8
KEO,32.47,144.63,8/3/2009,399.5
KEO,32.47,144.63,8/3/2009,437.5
KEO,32.47,144.63,8/3/2009,395.9
KEO,32.47,144.63,8/3/2009,393.4
KEO,32.47,144.63,8/3/2009,389.4
KEO,32.47,144.63,8/4/2009,393
KEO,32.47,144.63,8/4/2009,396.1
KEO,32.47,144.63,8/4/2009,394.4
KEO,32.47,144.63,8/4/2009,386.4
KEO,32.47,144.63,8/4/2009,384.5
KEO,32.47,144.63,8/4/2009,385.3
KEO,32.47,144.63,8/4/2009,384.4
KEO,32.47,144.63,8/4/2009,383.8
KEO,32.47,144.63,8/5/2009,390
KEO,32.47,144.63,8/5/2009,391.2
KEO,32.47,144.63,8/5/2009,397.5
KEO,32.47,144.63,8/5/2009,408.3
KEO,32.47,144.63,8/5/2009,405.9
KEO,32.47,144.63,8/5/2009,401.8
KEO,32.47,144.63,8/5/2009,418.3
KEO,32.47,144.63,8/5/2009,425.7
KEO,32.47,144.63,8/6/2009,425.7
KEO,32.47,144.63,8/6/2009,429
KEO,32.47,144.63,8/6/2009,432.6
KEO,32.47,144.63,8/6/2009,430.2
KEO,32.47,144.63,8/6/2009,427.9
KEO,32.47,144.63,8/6/2009,428
KEO,32.47,144.63,8/6/2009,426.9
KEO,32.47,144.63,8/6/2009,427.6
KEO,32.47,144.63,8/7/2009,433.3
KEO,32.47,144.63,8/7/2009,438.6
KEO,32.47,144.63,8/7/2009,438.8
KEO,32.47,144.63,8/7/2009,433.9
KEO,32.47,144.63,8/7/2009,430
KEO,32.47,144.63,8/7/2009,425.5
KEO,32.47,144.63,8/7/2009,423.9
KEO,32.47,144.63,8/7/2009,425.5
KEO,32.47,144.63,8/8/2009,424.4
KEO,32.47,144.63,8/8/2009,419.8
KEO,32.47,144.63,8/8/2009,411
KEO,32.47,144.63,8/8/2009,403.1
KEO,32.47,144.63,8/8/2009,397
KEO,32.47,144.63,8/8/2009,399.4
KEO,32.47,144.63,8/8/2009,405.1
KEO,32.47,144.63,8/8/2009,405.4
KEO,32.47,144.63,8/9/2009,406.5
KEO,32.47,144.63,8/9/2009,416.1
KEO,32.47,144.63,8/9/2009,414.8
KEO,32.47,144.63,8/9/2009,403.7
KEO,32.47,144.63,8/9/2009,401.2
KEO,32.47,144.63,8/9/2009,397.5
KEO,32.47,144.63,8/9/2009,397.8
KEO,32.47,144.63,8/9/2009,398.7
KEO,32.47,144.63,8/10/2009,397.5
KEO,32.47,144.63,8/10/2009,399.7
KEO,32.47,144.63,8/10/2009,399.8
KEO,32.47,144.63,8/10/2009,399.5
KEO,32.47,144.63,8/10/2009,398.3
KEO,32.47,144.63,8/10/2009,397.2
KEO,32.47,144.63,8/10/2009,407.2
KEO,32.47,144.63,8/10/2009,405.1
KEO,32.47,144.63,8/11/2009,415.1
KEO,32.47,144.63,8/11/2009,410.1
KEO,32.47,144.63,8/11/2009,407
KEO,32.47,144.63,8/11/2009,407.4
KEO,32.47,144.63,8/11/2009,405.2
KEO,32.47,144.63,8/11/2009,412.3
KEO,32.47,144.63,8/11/2009,404.2
KEO,32.47,144.63,8/11/2009,406.8
KEO,32.47,144.63,8/12/2009,401
KEO,32.47,144.63,8/12/2009,395.4
KEO,32.47,144.63,8/12/2009,391.1
KEO,32.47,144.63,8/12/2009,389.9
KEO,32.47,144.63,8/12/2009,391
KEO,32.47,144.63,8/12/2009,391.3
KEO,32.47,144.63,8/12/2009,387.4
KEO,32.47,144.63,8/12/2009,392.6
KEO,32.47,144.63,8/13/2009,394.2
KEO,32.47,144.63,8/13/2009,405
KEO,32.47,144.63,8/13/2009,403.1
KEO,32.47,144.63,8/13/2009,399.6
KEO,32.47,144.63,8/13/2009,402.6
KEO,32.47,144.63,8/13/2009,401.8
KEO,32.47,144.63,8/13/2009,400.6
KEO,32.47,144.63,8/13/2009,398.6
KEO,32.47,144.63,8/14/2009,400
KEO,32.47,144.63,8/14/2009,403.1
KEO,32.47,144.63,8/14/2009,411.2
KEO,32.47,144.63,8/14/2009,407.6
KEO,32.47,144.63,8/14/2009,410.6
KEO,32.47,144.63,8/14/2009,404.6
KEO,32.47,144.63,8/14/2009,397
KEO,32.47,144.63,8/14/2009,393.7
KEO,32.47,144.63,8/15/2009,403.5
KEO,32.47,144.63,8/15/2009,423.2
KEO,32.47,144.63,8/15/2009,441.9
KEO,32.47,144.63,8/15/2009,406.5
KEO,32.47,144.63,8/15/2009,404.1
KEO,32.47,144.63,8/15/2009,379.7
KEO,32.47,144.63,8/15/2009,390.4
KEO,32.47,144.63,8/15/2009,392
KEO,32.47,144.63,8/16/2009,398
KEO,32.47,144.63,8/16/2009,402.3
KEO,32.47,144.63,8/16/2009,404.6
KEO,32.47,144.63,8/16/2009,397.8
KEO,32.47,144.63,8/16/2009,395
KEO,32.47,144.63,8/16/2009,396.5
KEO,32.47,144.63,8/16/2009,398
KEO,32.47,144.63,8/16/2009,394.7
KEO,32.47,144.63,8/17/2009,388.3
KEO,32.47,144.63,8/17/2009,391.4
KEO,32.47,144.63,8/17/2009,389.5
KEO,32.47,144.63,8/17/2009,390.9
KEO,32.47,144.63,8/17/2009,393.2
KEO,32.47,144.63,8/17/2009,390.8
KEO,32.47,144.63,8/17/2009,390.5
KEO,32.47,144.63,8/17/2009,386.6
KEO,32.47,144.63,8/18/2009,388.4
KEO,32.47,144.63,8/18/2009,395
KEO,32.47,144.63,8/18/2009,399.7
KEO,32.47,144.63,8/18/2009,401.9
KEO,32.47,144.63,8/18/2009,398.7
KEO,32.47,144.63,8/18/2009,395.1
KEO,32.47,144.63,8/18/2009,392.9
KEO,32.47,144.63,8/18/2009,387.3
KEO,32.47,144.63,8/19/2009,392.3
KEO,32.47,144.63,8/19/2009,386.8
KEO,32.47,144.63,8/19/2009,388.4
KEO,32.47,144.63,8/19/2009,387.3
KEO,32.47,144.63,8/19/2009,383
KEO,32.47,144.63,8/19/2009,386.4
KEO,32.47,144.63,8/19/2009,386.6
KEO,32.47,144.63,8/19/2009,388.6
KEO,32.47,144.63,8/20/2009,389.7
KEO,32.47,144.63,8/20/2009,405.8
KEO,32.47,144.63,8/20/2009,405.4
KEO,32.47,144.63,8/20/2009,389.8
KEO,32.47,144.63,8/20/2009,393.9
KEO,32.47,144.63,8/20/2009,394.3
KEO,32.47,144.63,8/20/2009,388.8
KEO,32.47,144.63,8/20/2009,389.7
KEO,32.47,144.63,8/21/2009,400.5
KEO,32.47,144.63,8/21/2009,413.2
KEO,32.47,144.63,8/21/2009,424.7
KEO,32.47,144.63,8/21/2009,425.8
KEO,32.47,144.63,8/21/2009,408.8
KEO,32.47,144.63,8/21/2009,406.1
KEO,32.47,144.63,8/21/2009,397.5
KEO,32.47,144.63,8/21/2009,394.7
KEO,32.47,144.63,8/22/2009,391.3
KEO,32.47,144.63,8/22/2009,396.1
KEO,32.47,144.63,8/22/2009,399.1
KEO,32.47,144.63,8/22/2009,401
KEO,32.47,144.63,8/22/2009,393
KEO,32.47,144.63,8/22/2009,397.3
KEO,32.47,144.63,8/22/2009,395.4
KEO,32.47,144.63,8/22/2009,391.8
KEO,32.47,144.63,8/23/2009,395.7
KEO,32.47,144.63,8/23/2009,391.9
KEO,32.47,144.63,8/23/2009,394.3
KEO,32.47,144.63,8/23/2009,398.7
KEO,32.47,144.63,8/23/2009,395.9
KEO,32.47,144.63,8/23/2009,397.3
KEO,32.47,144.63,8/23/2009,396.1
KEO,32.47,144.63,8/23/2009,394.8
KEO,32.47,144.63,8/24/2009,395.8
KEO,32.47,144.63,8/24/2009,397
KEO,32.47,144.63,8/24/2009,395.6
KEO,32.47,144.63,8/24/2009,391.2
KEO,32.47,144.63,8/24/2009,391.2
KEO,32.47,144.63,8/24/2009,394
KEO,32.47,144.63,8/24/2009,396.3
KEO,32.47,144.63,8/24/2009,390.6
KEO,32.47,144.63,8/25/2009,388
KEO,32.47,144.63,8/25/2009,388.5
KEO,32.47,144.63,8/25/2009,387.1
KEO,32.47,144.63,8/25/2009,385.9
KEO,32.47,144.63,8/25/2009,385.3
KEO,32.47,144.63,8/25/2009,385.6
KEO,32.47,144.63,8/25/2009,386.1
KEO,32.47,144.63,8/25/2009,385.4
KEO,32.47,144.63,8/26/2009,386.4
KEO,32.47,144.63,8/26/2009,388.6
KEO,32.47,144.63,8/26/2009,388.9
KEO,32.47,144.63,8/26/2009,387.7
KEO,32.47,144.63,8/26/2009,386.4
KEO,32.47,144.63,8/26/2009,386.5
KEO,32.47,144.63,8/26/2009,385.6
KEO,32.47,144.63,8/26/2009,385.1
KEO,32.47,144.63,8/27/2009,425.5
KEO,32.47,144.63,8/27/2009,393.1
KEO,32.47,144.63,8/27/2009,391.8
KEO,32.47,144.63,8/27/2009,388.2
KEO,32.47,144.63,8/27/2009,385.8
KEO,32.47,144.63,8/27/2009,383.9
KEO,32.47,144.63,8/27/2009,383.9
KEO,32.47,144.63,8/27/2009,384.1
KEO,32.47,144.63,8/28/2009,386.6
KEO,32.47,144.63,8/28/2009,391.3
KEO,32.47,144.63,8/28/2009,394.3
KEO,32.47,144.63,8/28/2009,389.1
KEO,32.47,144.63,8/28/2009,388
KEO,32.47,144.63,8/28/2009,389.8
KEO,32.47,144.63,8/28/2009,389
KEO,32.47,144.63,8/28/2009,392.1
KEO,32.47,144.63,8/29/2009,389.1
KEO,32.47,144.63,8/29/2009,397.2
KEO,32.47,144.63,8/29/2009,391.8
KEO,32.47,144.63,8/29/2009,389.1
KEO,32.47,144.63,8/29/2009,390.1
KEO,32.47,144.63,8/29/2009,388.6
KEO,32.47,144.63,8/29/2009,392.3
KEO,32.47,144.63,8/29/2009,393.3
KEO,32.47,144.63,8/30/2009,394
KEO,32.47,144.63,8/30/2009,397
KEO,32.47,144.63,8/30/2009,396.2
KEO,32.47,144.63,8/30/2009,396.7
KEO,32.47,144.63,8/30/2009,396.4
KEO,32.47,144.63,8/30/2009,393.6
KEO,32.47,144.63,8/30/2009,392.4
KEO,32.47,144.63,8/30/2009,392.8
KEO,32.47,144.63,8/31/2009,391.6
KEO,32.47,144.63,8/31/2009,392.8
KEO,32.47,144.63,8/31/2009,393
KEO,32.47,144.63,8/31/2009,394.1
KEO,32.47,144.63,8/31/2009,392.4
KEO,32.47,144.63,8/31/2009,392.6
KEO,32.47,144.63,8/31/2009,393.7
KEO,32.47,144.63,8/31/2009,393.9
KEO,32.47,144.63,9/1/2009,393.4
KEO,32.47,144.63,9/1/2009,397
KEO,32.47,144.63,9/1/2009,398.3
KEO,32.47,144.63,9/1/2009,397.7
KEO,32.47,144.63,9/1/2009,395.4
KEO,32.47,144.63,9/1/2009,394.7
KEO,32.47,144.63,9/1/2009,395.1
KEO,32.47,144.63,9/1/2009,394.9
KEO,32.47,144.63,9/2/2009,395.3
KEO,32.47,144.63,9/2/2009,398.3
KEO,32.47,144.63,9/2/2009,399.9
KEO,32.47,144.63,9/2/2009,398.4
KEO,32.47,144.63,9/2/2009,396.9
KEO,32.47,144.63,9/2/2009,396.5
KEO,32.47,144.63,9/2/2009,397
KEO,32.47,144.63,9/2/2009,397.1
KEO,32.47,144.63,9/3/2009,397.4
KEO,32.47,144.63,9/3/2009,399
KEO,32.47,144.63,9/3/2009,399
KEO,32.47,144.63,9/3/2009,397.4
KEO,32.47,144.63,9/3/2009,398.7
KEO,32.47,144.63,9/3/2009,397.7
KEO,32.47,144.63,9/3/2009,399.1
KEO,32.47,144.63,9/3/2009,396.1
KEO,32.47,144.63,9/4/2009,397.4
KEO,32.47,144.63,9/4/2009,400.6
KEO,32.47,144.63,9/4/2009,401.6
